zone_id,geometry
1001,Point (-121.83310545 37.37112581)
1002,Point (-121.82864032 37.35855477)
1003,Point (-121.8355767 37.35474209)
1004,Point (-121.8218469 37.36934734)
1005,Point (-121.81633388 37.36402995)
1006,Point (-121.82244214 37.38450508)
1007,Point (-121.79315507 37.37631567)
1008,Point (-121.85381904 37.39063034)
1009,Point (-121.82134555 37.41185772)
1010,Point (-121.89061827 37.39547565)
1011,Point (-121.88591445 37.37738139)
1012,Point (-121.85608758 37.4016737)
1013,Point (-121.86079719 37.40916181)
1014,Point (-121.871908 37.38706767)
1015,Point (-121.87767123 37.38266571)
1016,Point (-121.89699043 37.3767802)
1017,Point (-121.86844679 37.37362483)
1018,Point (-121.87248318 37.40266936)
1019,Point (-121.86592712 37.39289914)
1020,Point (-121.88017485 37.40932965)
1021,Point (-121.86609747 37.41602405)
1022,Point (-121.88288229 37.43930211)
1023,Point (-121.90594247 37.4370279)
1024,Point (-121.89783669 37.4402641)
1025,Point (-121.87062813 37.42586658)
1026,Point (-121.87767686 37.42041154)
1027,Point (-121.84951759 37.43346105)
1028,Point (-121.88175403 37.43178903)
1029,Point (-121.86998724 37.46041058)
1030,Point (-121.90201478 37.45134244)
1031,Point (-121.90789424 37.45858735)
1032,Point (-121.89774763 37.42158792)
1033,Point (-121.90355415 37.40909963)
1034,Point (-121.91735977 37.45027479)
1035,Point (-121.91397775 37.43565098)
1036,Point (-122.08932506 37.43736935)
1037,Point (-121.98890579 37.43723678)
1038,Point (-122.05097824 37.41638549)
1039,Point (-121.99245205 37.40032666)
1040,Point (-122.02088841 37.40092626)
1041,Point (-122.00473849 37.40296097)
1042,Point (-122.00318528 37.3957922)
1043,Point (-121.9524346 37.3960029)
1044,Point (-121.97244975 37.40037924)
1045,Point (-121.94619522 37.41198514)
1046,Point (-121.92248476 37.39342119)
1047,Point (-121.94942181 37.38507384)
1048,Point (-121.9252902 37.3628143)
1049,Point (-121.9619924 37.37008059)
1050,Point (-121.93435037 37.34690544)
1051,Point (-121.9861248 37.36752925)
1052,Point (-121.97381454 37.36019583)
1053,Point (-121.96531173 37.35824975)
1054,Point (-121.98280623 37.35919954)
1055,Point (-121.9919564 37.35884055)
1056,Point (-121.98851709 37.34865313)
1057,Point (-121.97470777 37.34584416)
1058,Point (-121.98754932 37.34154844)
1059,Point (-121.96322712 37.3468829)
1060,Point (-121.94745059 37.35071868)
1061,Point (-121.94550951 37.34288386)
1062,Point (-121.94512577 37.33150363)
1063,Point (-121.95828384 37.33014745)
1064,Point (-121.96342244 37.33772011)
1065,Point (-121.9859939 37.33399386)
1066,Point (-121.9726692 37.33128767)
1067,Point (-121.98719001 37.32669144)
1068,Point (-121.99167947 37.30093489)
1069,Point (-121.98424454 37.32064684)
1070,Point (-121.9877937 37.31360093)
1071,Point (-121.96269215 37.31961112)
1072,Point (-121.95809092 37.3088019)
1073,Point (-121.97167997 37.3121317)
1074,Point (-121.97285329 37.30428512)
1075,Point (-121.94647022 37.31622616)
1076,Point (-121.94636745 37.30147373)
1077,Point (-121.95722307 37.29784911)
1078,Point (-121.94924837 37.27840151)
1079,Point (-121.95576188 37.28551408)
1080,Point (-121.98367324 37.29259778)
1081,Point (-121.97044736 37.28203153)
1082,Point (-121.98794889 37.28057139)
1083,Point (-121.97057109 37.29716569)
1084,Point (-121.96969488 37.29003759)
1085,Point (-121.98061275 37.27047549)
1086,Point (-121.96367603 37.27419774)
1087,Point (-121.96829378 37.26452071)
1088,Point (-121.95762526 37.2421267)
1089,Point (-121.93721595 37.24681788)
1090,Point (-121.91552241 37.24272886)
1091,Point (-121.93515715 37.23966581)
1092,Point (-121.93328878 37.22755854)
1093,Point (-121.99443498 37.2210948)
1094,Point (-121.94965976 37.20925644)
1095,Point (-121.97644856 37.23587755)
1096,Point (-121.9656774 37.25113634)
1097,Point (-121.98231243 37.25729697)
1098,Point (-121.98697545 37.24339281)
1099,Point (-122.00913681 37.2588618)
1100,Point (-122.03050556 37.23817823)
1101,Point (-122.01957953 37.28795357)
1102,Point (-122.00075088 37.28173748)
1103,Point (-122.02517798 37.27413736)
1104,Point (-122.0539495 37.27104205)
1105,Point (-122.05068394 37.32014311)
1106,Point (-122.06083213 37.29871191)
1107,Point (-122.07705166 37.31328651)
1108,Point (-122.05376481 37.33304572)
1109,Point (-122.04194366 37.3285196)
1110,Point (-122.04186787 37.31224626)
1111,Point (-122.0391543 37.30212812)
1112,Point (-122.01148327 37.30242276)
1113,Point (-122.00312949 37.30176757)
1114,Point (-122.02935123 37.30242675)
1115,Point (-122.02050027 37.30168347)
1116,Point (-122.02394315 37.31637926)
1117,Point (-122.00594622 37.31650978)
1118,Point (-122.02468759 37.33002185)
1119,Point (-122.00639398 37.33023875)
1120,Point (-122.00629067 37.34476211)
1121,Point (-122.02801929 37.34484272)
1122,Point (-122.01917977 37.34434653)
1123,Point (-122.0584205 37.34454242)
1124,Point (-122.04708956 37.34462631)
1125,Point (-122.03813338 37.34458585)
1126,Point (-122.05742605 37.36241232)
1127,Point (-122.04266133 37.35540195)
1128,Point (-122.04285994 37.36441941)
1129,Point (-122.02725525 37.35711185)
1130,Point (-122.0216635 37.36224427)
1131,Point (-122.01131594 37.35859966)
1132,Point (-122.00253675 37.35971697)
1133,Point (-122.04234194 37.3758077)
1134,Point (-122.03015925 37.37261098)
1135,Point (-122.01209211 37.36957303)
1136,Point (-122.00616671 37.37992632)
1137,Point (-122.02616515 37.38505509)
1138,Point (-122.00779247 37.3909077)
1139,Point (-122.02305668 37.39220094)
1140,Point (-122.03971756 37.39152067)
1141,Point (-122.0637119 37.37861637)
1142,Point (-122.05185971 37.37844068)
1143,Point (-122.0578253 37.37933131)
1144,Point (-122.05822079 37.40018783)
1145,Point (-122.06083135 37.39133175)
1146,Point (-122.07565425 37.40109476)
1147,Point (-122.08508135 37.4058362)
1148,Point (-122.10172859 37.40922598)
1149,Point (-122.09329009 37.4060747)
1150,Point (-122.09644763 37.41754628)
1151,Point (-122.1155575 37.40693604)
1152,Point (-122.09799067 37.39801622)
1153,Point (-122.10676499 37.40183951)
1154,Point (-122.09081443 37.39430297)
1155,Point (-122.08170745 37.39079888)
1156,Point (-122.0744415 37.38530006)
1157,Point (-122.09448395 37.38405443)
1158,Point (-122.08364724 37.37862467)
1159,Point (-122.08743121 37.36937086)
1160,Point (-122.07311434 37.36990775)
1161,Point (-122.0808617 37.35819865)
1162,Point (-122.07302652 37.34624699)
1163,Point (-122.08129906 37.34064056)
1164,Point (-122.10277954 37.37171523)
1165,Point (-122.11256423 37.37738646)
1166,Point (-122.10879325 37.39122466)
1167,Point (-122.12124175 37.39268189)
1168,Point (-122.13133591 37.40866559)
1169,Point (-122.12926619 37.41728905)
1170,Point (-122.11094426 37.42698622)
1171,Point (-122.1116239 37.41438917)
1172,Point (-122.11969175 37.4204576)
1173,Point (-122.13092914 37.42761254)
1174,Point (-122.12300213 37.43744488)
1175,Point (-122.13368282 37.44565245)
1176,Point (-122.14816529 37.45104253)
1177,Point (-122.1590355 37.44537933)
1178,Point (-122.14488502 37.43572913)
1179,Point (-122.15746452 37.42045826)
1180,Point (-122.17763608 37.43241386)
1181,Point (-122.16520785 37.43000387)
1182,Point (-122.1560072 37.42589484)
1183,Point (-122.15913822 37.42162344)
1184,Point (-122.13325447 37.37852105)
1185,Point (-122.0984584 37.35322013)
1186,Point (-122.12761065 37.31464976)
1187,Point (-121.92408054 37.15983518)
1188,Point (-121.89260114 37.23946461)
1189,Point (-121.85888324 37.21434777)
1190,Point (-121.85491748 37.21973776)
1191,Point (-121.85917703 37.19258535)
1192,Point (-121.8705202 37.21322344)
1193,Point (-121.81144517 37.19874119)
1194,Point (-121.83526683 37.2058234)
1195,Point (-121.89205656 37.22791992)
1196,Point (-121.87788372 37.23062848)
1197,Point (-121.76970155 37.25709809)
1198,Point (-121.77290361 37.24066178)
1199,Point (-121.8668603 37.27003018)
1200,Point (-121.83621276 37.23960089)
1201,Point (-121.84546975 37.24145417)
1202,Point (-121.8607939 37.24544262)
1203,Point (-121.81803489 37.27304464)
1204,Point (-121.8094307 37.26298824)
1205,Point (-121.84690749 37.27088682)
1206,Point (-121.8372469 37.27212217)
1207,Point (-121.82480087 37.26369575)
1208,Point (-121.81191837 37.25508976)
1209,Point (-121.82538431 37.25506198)
1210,Point (-121.86851954 37.26050204)
1211,Point (-121.85292955 37.26047231)
1212,Point (-121.8388846 37.25949662)
1213,Point (-121.85971282 37.25302307)
1214,Point (-121.81959667 37.24045638)
1215,Point (-121.8173 37.24733554)
1216,Point (-121.82509222 37.23247875)
1217,Point (-121.8111959 37.23112119)
1218,Point (-121.78336147 37.23278085)
1219,Point (-121.79752136 37.23862448)
1220,Point (-121.77191464 37.22920537)
1221,Point (-121.76265159 37.22386177)
1222,Point (-121.71802067 37.18307625)
1223,Point (-121.70819845 37.04993062)
1224,Point (-121.64909269 37.13524276)
1225,Point (-121.67817029 37.12311217)
1226,Point (-121.66023594 37.1231598)
1227,Point (-121.63794564 37.09976038)
1228,Point (-121.62676638 37.15216757)
1229,Point (-121.60960391 37.13014827)
1230,Point (-121.60851229 37.06175419)
1231,Point (-121.57232007 37.09587224)
1232,Point (-121.62480146 37.02964844)
1233,Point (-121.59372523 37.0243851)
1234,Point (-121.58303718 37.02311992)
1235,Point (-121.58478052 36.97928093)
1236,Point (-121.58019413 37.00465323)
1237,Point (-121.56824333 37.01125734)
1238,Point (-121.51780701 37.0100804)
1239,Point (-121.51535596 37.24060545)
1240,Point (-122.2178084 38.11535509)
1241,Point (-122.19375791 38.13259697)
1242,Point (-122.21108491 38.10421747)
1243,Point (-122.22464582 38.10464222)
1244,Point (-122.22480604 38.09472318)
1245,Point (-122.21472166 38.09319208)
1246,Point (-122.20310889 38.09079614)
1247,Point (-122.22567071 38.08224707)
1248,Point (-122.2098692 38.0734663)
1249,Point (-122.2438684 38.08990518)
1250,Point (-122.23821785 38.0766162)
1251,Point (-122.31178278 38.12540953)
1252,Point (-122.25979252 38.10162678)
1253,Point (-122.24967086 38.10105503)
1254,Point (-122.23732339 38.09691981)
1255,Point (-122.23749853 38.1051197)
1256,Point (-122.23683326 38.11437501)
1257,Point (-122.24005427 38.1238485)
1258,Point (-122.25071843 38.11135437)
1259,Point (-122.26204239 38.1086002)
1260,Point (-122.26566342 38.11586643)
1261,Point (-122.26980899 38.12207309)
1262,Point (-122.25759787 38.12811811)
1263,Point (-122.26738016 38.13857766)
1264,Point (-122.27832356 38.14966623)
1265,Point (-122.23837491 38.13573728)
1266,Point (-122.24532113 38.14800714)
1267,Point (-122.22747762 38.14851574)
1268,Point (-122.17420755 38.05977159)
1269,Point (-122.11842626 38.09996105)
1270,Point (-122.19553159 38.10471379)
1271,Point (-122.16779768 38.09286461)
1272,Point (-122.18132454 38.08030274)
1273,Point (-122.16678196 38.07594598)
1274,Point (-122.15512089 38.06887855)
1275,Point (-122.16503128 38.06069837)
1276,Point (-122.16723421 38.25376449)
1277,Point (-122.14600625 38.16471485)
1278,Point (-122.10065978 38.21842688)
1279,Point (-122.06578542 38.26536163)
1280,Point (-122.07946126 38.29597603)
1281,Point (-122.02769734 38.29886953)
1282,Point (-121.97426668 38.29276963)
1283,Point (-122.0593232 38.25335687)
1284,Point (-122.06867381 38.22496571)
1285,Point (-122.04261118 38.25432599)
1286,Point (-122.04586621 38.24694286)
1287,Point (-122.05239182 38.26413201)
1288,Point (-122.04067238 38.26536423)
1289,Point (-122.03058592 38.2653501)
1290,Point (-122.03085267 38.25417189)
1291,Point (-122.02256864 38.26621256)
1292,Point (-122.01104098 38.26697793)
1293,Point (-121.9803371 38.15816406)
1294,Point (-122.02819098 38.24842625)
1295,Point (-122.01412786 38.24876645)
1296,Point (-121.99851381 38.24785043)
1297,Point (-121.98119684 38.25646717)
1298,Point (-122.00139371 38.26021748)
1299,Point (-121.94349402 38.264167)
1300,Point (-121.94654726 38.36552511)
1301,Point (-122.03354153 38.43845329)
1302,Point (-121.93353596 38.40334271)
1303,Point (-121.93471667 38.32267833)
1304,Point (-121.95788139 38.34237682)
1305,Point (-121.92394242 38.34436574)
1306,Point (-121.94509889 38.34004113)
1307,Point (-121.98227595 38.32426643)
1308,Point (-122.00741188 38.35040203)
1309,Point (-121.9680717 38.3539255)
1310,Point (-121.96706276 38.34169667)
1311,Point (-121.98010336 38.34220998)
1312,Point (-122.00223113 38.32977653)
1313,Point (-122.01252629 38.37016366)
1314,Point (-121.98003492 38.38271312)
1315,Point (-121.99783647 38.36208846)
1316,Point (-121.80147594 38.42285847)
1317,Point (-121.84396798 38.44288708)
1318,Point (-121.81974424 38.44320796)
1319,Point (-121.77796556 38.20426358)
1320,Point (-122.43171318 38.21611202)
1321,Point (-122.45907099 38.28088737)
1322,Point (-122.44047474 38.31871646)
1323,Point (-122.47520114 38.33606145)
1324,Point (-122.52457728 38.30001078)
1325,Point (-122.49139303 38.30660414)
1326,Point (-122.53177489 38.38541881)
1327,Point (-122.61432931 38.23756081)
1328,Point (-122.60798069 38.24396961)
1329,Point (-122.61838603 38.25474042)
1330,Point (-122.64447111 38.27295196)
1331,Point (-122.54777285 38.21845015)
1332,Point (-122.63069723 38.2334235)
1333,Point (-122.62688288 38.20104569)
1334,Point (-122.66583005 38.20878518)
1335,Point (-122.64374606 38.24745885)
1336,Point (-122.65433707 38.24432581)
1337,Point (-122.68100069 38.25761009)
1338,Point (-122.75389459 38.26437573)
1339,Point (-122.70417729 38.31722701)
1340,Point (-122.69451136 38.32213357)
1341,Point (-122.70830015 38.31829543)
1342,Point (-122.70136511 38.33405653)
1343,Point (-122.70776562 38.34332924)
1344,Point (-122.69435192 38.34708696)
1345,Point (-122.70053603 38.37026922)
1346,Point (-122.70092665 38.35613204)
1347,Point (-122.63514952 38.34404364)
1348,Point (-122.68362665 38.33921868)
1349,Point (-122.67788314 38.32586151)
1350,Point (-122.68874277 38.40825405)
1351,Point (-122.70657602 38.39760722)
1352,Point (-122.65585818 38.38954306)
1353,Point (-122.62965083 38.41227114)
1354,Point (-122.66865087 38.43591281)
1355,Point (-122.57650709 38.44678901)
1356,Point (-122.66642641 38.45091443)
1357,Point (-122.69249199 38.44260724)
1358,Point (-122.70933544 38.43496851)
1359,Point (-122.71420869 38.44144184)
1360,Point (-122.72379051 38.4590716)
1361,Point (-122.71388893 38.45680501)
1362,Point (-122.67630409 38.46688075)
1363,Point (-122.70809092 38.44813267)
1364,Point (-122.70020775 38.45993301)
1365,Point (-122.70829764 38.48564536)
1366,Point (-122.65780217 38.465326)
1367,Point (-122.66506006 38.47824265)
1368,Point (-122.64014265 38.52233827)
1369,Point (-122.74791169 38.52864039)
1370,Point (-122.79236519 38.50418095)
1371,Point (-122.75137199 38.48270831)
1372,Point (-122.73668437 38.4649589)
1373,Point (-122.79903896 38.47175283)
1374,Point (-122.74948237 38.45724976)
1375,Point (-122.76163836 38.46112977)
1376,Point (-122.73769564 38.45075056)
1377,Point (-122.73374831 38.44093275)
1378,Point (-122.73887034 38.43383991)
1379,Point (-122.80210453 38.4334376)
1380,Point (-122.75932378 38.44319356)
1381,Point (-122.73164955 38.4243209)
1382,Point (-122.72258532 38.4199496)
1383,Point (-122.72922773 38.38792559)
1384,Point (-122.7681741 38.39534496)
1385,Point (-122.84339014 38.41297518)
1386,Point (-122.80081603 38.38041686)
1387,Point (-122.82823704 38.38190404)
1388,Point (-122.79554655 38.33727784)
1389,Point (-122.87491338 38.34234293)
1390,Point (-122.88930398 38.4205687)
1391,Point (-123.0099879 38.47399963)
1392,Point (-123.00734885 38.53093969)
1393,Point (-122.90872164 38.51056783)
1394,Point (-122.90589 38.47088365)
1395,Point (-122.84443218 38.52889557)
1396,Point (-122.74088603 38.57780847)
1397,Point (-122.79390203 38.53714524)
1398,Point (-122.82316628 38.61276707)
1399,Point (-122.86846775 38.61258405)
1400,Point (-122.85806763 38.61899623)
1401,Point (-122.95780253 38.61595184)
1402,Point (-122.82341368 38.72986533)
1403,Point (-123.08979155 38.78414082)
1404,Point (-123.22006078 38.63220339)
1405,Point (-122.98312069 38.36580152)
1,Point (-122.23276098 37.86728288)
2,Point (-122.25090539 37.84812661)
3,Point (-122.25591954 37.84061461)
4,Point (-122.25913059 37.84822965)
5,Point (-122.26640454 37.8486361)
6,Point (-122.26645114 37.84202838)
7,Point (-122.27378099 37.8419299)
8,Point (-122.28479137 37.84548227)
9,Point (-122.2816373 37.83953117)
10,Point (-122.27359312 37.83134379)
11,Point (-122.26549055 37.83059713)
12,Point (-122.25952657 37.83078889)
13,Point (-122.26830793 37.8181951)
14,Point (-122.27485563 37.82086288)
15,Point (-122.28207954 37.82306348)
16,Point (-122.28291986 37.81743777)
17,Point (-122.30489405 37.81987864)
18,Point (-122.29953706 37.8096064)
19,Point (-122.31471998 37.80300268)
20,Point (-122.29364689 37.79773429)
21,Point (-122.29159474 37.80672728)
22,Point (-122.2952465 37.80949459)
23,Point (-122.28961932 37.81275536)
24,Point (-122.28391223 37.81227116)
25,Point (-122.28616396 37.80607573)
26,Point (-122.28142819 37.80462375)
27,Point (-122.27857187 37.81056144)
28,Point (-122.27315527 37.80898936)
29,Point (-122.26843408 37.8074137)
30,Point (-122.27217763 37.8008821)
31,Point (-122.27696879 37.8027868)
32,Point (-122.27764543 37.7966575)
33,Point (-122.26757753 37.79543253)
34,Point (-122.26060231 37.80493923)
35,Point (-122.26115375 37.81744023)
36,Point (-122.25512074 37.81382785)
37,Point (-122.25662045 37.81060902)
38,Point (-122.24296666 37.81472625)
39,Point (-122.25030307 37.81746118)
40,Point (-122.25542068 37.82346051)
41,Point (-122.25177534 37.82901158)
42,Point (-122.23582803 37.83596224)
43,Point (-122.23961338 37.84521651)
44,Point (-122.21626092 37.84618598)
45,Point (-122.21713038 37.82624605)
46,Point (-122.20381428 37.83455232)
47,Point (-122.19222807 37.81963565)
48,Point (-122.20819774 37.81324981)
49,Point (-122.21428917 37.8054021)
50,Point (-122.22263504 37.80379925)
51,Point (-122.22862115 37.80827327)
52,Point (-122.23327933 37.81141859)
53,Point (-122.24481654 37.80527369)
54,Point (-122.25448966 37.80063461)
55,Point (-122.24924478 37.79502039)
56,Point (-122.24443634 37.79818613)
57,Point (-122.23844456 37.80064907)
58,Point (-122.23085639 37.79794731)
59,Point (-122.23421979 37.79372465)
60,Point (-122.23944055 37.78920396)
61,Point (-122.2507059 37.78703378)
62,Point (-122.22871865 37.77352569)
63,Point (-122.23176051 37.78478689)
64,Point (-122.22759345 37.78172842)
65,Point (-122.22612431 37.78900613)
66,Point (-122.22304299 37.79518555)
67,Point (-122.21810677 37.78778372)
68,Point (-122.21139212 37.79435063)
69,Point (-122.20342474 37.80304285)
70,Point (-122.19593258 37.79777486)
71,Point (-122.19142532 37.79302068)
72,Point (-122.20359083 37.78767494)
73,Point (-122.21290042 37.78132432)
74,Point (-122.22040847 37.77749894)
75,Point (-122.2128096 37.76298398)
76,Point (-122.20781337 37.77062745)
77,Point (-122.19867155 37.76910983)
78,Point (-122.2043272 37.7772265)
79,Point (-122.19430069 37.77625942)
80,Point (-122.18777347 37.78137306)
81,Point (-122.18541124 37.78815565)
82,Point (-122.18400293 37.80281726)
83,Point (-122.15848858 37.78505423)
84,Point (-122.17663919 37.77470309)
85,Point (-122.16579404 37.77073753)
86,Point (-122.17205651 37.76412432)
87,Point (-122.17961783 37.75993772)
88,Point (-122.18339665 37.76579215)
89,Point (-122.19010155 37.76844423)
90,Point (-122.19809734 37.75833949)
91,Point (-122.18991971 37.75364992)
92,Point (-122.21197891 37.72840789)
93,Point (-122.18456632 37.73165794)
94,Point (-122.17888617 37.72853794)
95,Point (-122.17436668 37.73712592)
96,Point (-122.181411 37.74391307)
97,Point (-122.18498925 37.74980009)
98,Point (-122.17377789 37.75267036)
99,Point (-122.16711211 37.75588415)
100,Point (-122.15712463 37.75977692)
101,Point (-122.13663591 37.76176729)
102,Point (-122.13283134 37.74334119)
103,Point (-122.15470179 37.74733582)
104,Point (-122.15835426 37.74460658)
105,Point (-122.16731762 37.74603146)
106,Point (-122.1633195 37.7400993)
107,Point (-122.29205551 37.89471138)
108,Point (-122.29835508 37.89447455)
109,Point (-122.30669302 37.89262799)
110,Point (-122.30810101 37.88532498)
111,Point (-122.29611157 37.88651041)
112,Point (-122.28846379 37.88693738)
113,Point (-122.26771177 37.89949355)
114,Point (-122.27615941 37.89724621)
115,Point (-122.28274542 37.89113072)
116,Point (-122.27255081 37.88836373)
117,Point (-122.2610268 37.89175555)
118,Point (-122.2569745 37.88398441)
119,Point (-122.27164948 37.88190309)
120,Point (-122.27955946 37.88027356)
121,Point (-122.29088514 37.87931893)
122,Point (-122.30327618 37.86545888)
123,Point (-122.29789085 37.87329066)
124,Point (-122.28916224 37.87277508)
125,Point (-122.2793036 37.8739148)
126,Point (-122.27109443 37.87514734)
127,Point (-122.26177635 37.87724618)
128,Point (-122.25548146 37.87381383)
129,Point (-122.25062011 37.86787424)
130,Point (-122.26152339 37.86686132)
131,Point (-122.27070081 37.86784966)
132,Point (-122.2784838 37.86675496)
133,Point (-122.28762678 37.8657222)
134,Point (-122.29501157 37.86445904)
135,Point (-122.28552515 37.85728518)
136,Point (-122.27731876 37.85839214)
137,Point (-122.26957908 37.85933734)
138,Point (-122.26036061 37.8589901)
139,Point (-122.26085268 37.86325073)
140,Point (-122.25015266 37.86183851)
141,Point (-122.24551818 37.85471938)
142,Point (-122.26896825 37.85250201)
143,Point (-122.25891021 37.85474859)
144,Point (-122.27609877 37.85046008)
145,Point (-122.28297908 37.850521)
146,Point (-122.29208551 37.83802928)
147,Point (-122.22650891 37.82157961)
148,Point (-122.2420407 37.82453886)
149,Point (-122.23297017 37.76448483)
150,Point (-122.24874086 37.77393118)
151,Point (-122.26921327 37.78035015)
152,Point (-122.285784 37.78635652)
153,Point (-122.31190417 37.78441789)
154,Point (-122.28509742 37.77806467)
155,Point (-122.2861348 37.772071)
156,Point (-122.27058961 37.77155464)
157,Point (-122.25968204 37.76975697)
158,Point (-122.24862976 37.76628588)
159,Point (-122.23567406 37.7593952)
160,Point (-122.24125362 37.7546491)
161,Point (-122.23781939 37.73303473)
162,Point (-122.24734857 37.74213023)
163,Point (-122.25223651 37.75986303)
164,Point (-122.26044854 37.76142036)
165,Point (-122.27177214 37.76529389)
166,Point (-122.06718986 37.75725141)
167,Point (-122.06257199 37.72131104)
168,Point (-122.08388019 37.71912844)
169,Point (-122.10242424 37.72013248)
170,Point (-122.11017893 37.7052156)
171,Point (-122.09816812 37.70417236)
172,Point (-122.08313543 37.705834)
173,Point (-122.06588504 37.69889289)
174,Point (-122.08376101 37.69802035)
175,Point (-122.07942821 37.69270398)
176,Point (-122.06847906 37.68784094)
177,Point (-122.08392918 37.68540873)
178,Point (-122.14756507 37.73525122)
179,Point (-122.15722734 37.73241417)
180,Point (-122.16671892 37.73023301)
181,Point (-122.18546125 37.71056922)
182,Point (-122.16990649 37.71873486)
183,Point (-122.15612001 37.72217594)
184,Point (-122.14386218 37.72655791)
185,Point (-122.12634605 37.72101453)
186,Point (-122.13643104 37.71539402)
187,Point (-122.144749 37.71185134)
188,Point (-122.13433904 37.70170683)
189,Point (-122.14794408 37.70132152)
190,Point (-122.15818084 37.69800892)
191,Point (-122.17092877 37.68677558)
192,Point (-122.15633225 37.68405533)
193,Point (-122.14459395 37.6857252)
194,Point (-122.11464818 37.6874626)
195,Point (-122.12438839 37.69849085)
196,Point (-122.11442148 37.69884465)
197,Point (-122.11150101 37.69227886)
198,Point (-121.99087996 37.64961742)
199,Point (-122.04769899 37.65470242)
200,Point (-122.05175536 37.68572606)
201,Point (-122.06574558 37.6806975)
202,Point (-122.08429658 37.67376159)
203,Point (-122.09436094 37.6807115)
204,Point (-122.10595167 37.67852043)
205,Point (-122.11692383 37.67835167)
206,Point (-122.13063547 37.67913143)
207,Point (-122.14880617 37.67196238)
208,Point (-122.13858012 37.66902386)
209,Point (-122.12467426 37.67149983)
210,Point (-122.11329593 37.66841226)
211,Point (-122.09276994 37.66616761)
212,Point (-122.06629139 37.67142457)
213,Point (-122.04220103 37.66661223)
214,Point (-122.0707227 37.65874777)
215,Point (-122.07987489 37.65675815)
216,Point (-122.08613761 37.65178546)
217,Point (-122.10138344 37.66207327)
218,Point (-122.09537708 37.65356337)
219,Point (-122.11054591 37.6604166)
220,Point (-122.10250759 37.64723723)
221,Point (-122.12357924 37.61292303)
222,Point (-122.11263263 37.64323869)
223,Point (-122.0939085 37.63616057)
224,Point (-122.08855071 37.64275836)
225,Point (-122.08028011 37.64394284)
226,Point (-122.08146332 37.63528485)
227,Point (-122.07226717 37.63639237)
228,Point (-122.06969955 37.64320736)
229,Point (-122.0623624 37.64279596)
230,Point (-122.03000945 37.61895423)
231,Point (-122.04015118 37.61795816)
232,Point (-122.07751811 37.62617887)
233,Point (-122.05898981 37.61804926)
234,Point (-122.08941703 37.62807703)
235,Point (-122.08350819 37.61830761)
236,Point (-121.98240812 37.61578862)
237,Point (-122.02391265 37.60003597)
238,Point (-122.04389393 37.60099152)
239,Point (-122.07197529 37.60146409)
240,Point (-122.07768754 37.58698341)
241,Point (-122.07624564 37.57773013)
242,Point (-122.06999099 37.58520052)
243,Point (-122.04960166 37.59095131)
244,Point (-122.0289684 37.58894518)
245,Point (-122.01547713 37.58741847)
246,Point (-122.08432262 37.59810956)
247,Point (-122.0868614 37.5819827)
248,Point (-121.96324985 37.58497521)
249,Point (-121.99017874 37.57705225)
250,Point (-122.00313965 37.57167424)
251,Point (-122.02004514 37.56935744)
252,Point (-122.03865755 37.57359555)
253,Point (-122.04177261 37.58235202)
254,Point (-122.07355398 37.57144655)
255,Point (-122.02252643 37.50694134)
256,Point (-122.05408214 37.57268658)
257,Point (-122.05811679 37.58387354)
258,Point (-122.03198065 37.56335311)
259,Point (-122.02265961 37.55692865)
260,Point (-122.01297941 37.55330304)
261,Point (-121.99277282 37.5590276)
262,Point (-121.96895018 37.55787007)
263,Point (-121.96876546 37.542613)
264,Point (-121.97858477 37.54405941)
265,Point (-121.98609875 37.55089054)
266,Point (-121.93681121 37.55866127)
267,Point (-121.95107908 37.54815099)
268,Point (-121.94347231 37.5346911)
269,Point (-121.9620393 37.53160368)
270,Point (-121.97492099 37.53125282)
271,Point (-121.98832369 37.53724193)
272,Point (-122.00270393 37.5463084)
273,Point (-122.00926791 37.53713714)
274,Point (-121.9943283 37.52939749)
275,Point (-121.97557471 37.51799563)
276,Point (-121.95285903 37.51840527)
277,Point (-121.96150005 37.51670223)
278,Point (-121.93203727 37.52541609)
279,Point (-121.92841602 37.50739468)
280,Point (-121.9047986 37.52838075)
281,Point (-121.8973003 37.48739081)
282,Point (-121.91332426 37.47104275)
283,Point (-121.92231768 37.48560981)
284,Point (-122.03765879 37.55120017)
285,Point (-122.0469647 37.54260944)
286,Point (-122.04965043 37.51534408)
287,Point (-122.03665021 37.53623177)
288,Point (-122.02875495 37.53427955)
289,Point (-122.00916155 37.5178156)
290,Point (-121.8913107 37.71818819)
291,Point (-121.91665063 37.72238193)
292,Point (-121.91877101 37.71044978)
293,Point (-121.93375361 37.71260222)
294,Point (-121.9667053 37.7096076)
295,Point (-121.93207222 37.65306104)
296,Point (-121.91408766 37.67052852)
297,Point (-121.91186866 37.68864792)
298,Point (-121.88786897 37.68098554)
299,Point (-121.88335386 37.67194226)
300,Point (-121.90109842 37.66911888)
301,Point (-121.88870883 37.65696881)
302,Point (-121.80872015 37.55660388)
303,Point (-121.85686796 37.68053515)
304,Point (-121.84028716 37.72396352)
305,Point (-121.88339476 37.69426567)
306,Point (-121.8659671 37.65983526)
307,Point (-121.83027007 37.66452526)
308,Point (-121.63780058 37.63714636)
309,Point (-121.78796322 37.65042774)
310,Point (-121.74144571 37.70983318)
311,Point (-121.76984331 37.73468654)
312,Point (-121.81642369 37.68923701)
313,Point (-121.7640108 37.69581558)
314,Point (-121.78184437 37.68683468)
315,Point (-121.7378373 37.67323425)
316,Point (-121.73080811 37.69346502)
317,Point (-121.75001184 37.68490124)
318,Point (-121.76175871 37.66819832)
319,Point (-121.7766364 37.67110135)
320,Point (-121.78884655 37.67193745)
321,Point (-121.79632486 37.66448193)
322,Point (-121.63257882 38.03819791)
323,Point (-121.67827597 37.9866871)
324,Point (-121.72201456 38.01051956)
325,Point (-121.73910601 37.97832813)
326,Point (-121.67396956 37.94083777)
327,Point (-121.72877113 37.93232492)
328,Point (-121.63647101 37.88384002)
329,Point (-121.83204764 38.01583892)
330,Point (-121.79395053 38.00705958)
331,Point (-121.76908454 38.00856378)
332,Point (-121.81644531 37.98669057)
333,Point (-121.81661469 38.00062923)
334,Point (-121.84975261 38.00233504)
335,Point (-121.82885557 38.00374901)
336,Point (-121.83181949 37.99478448)
337,Point (-121.83886302 37.99045653)
338,Point (-121.79759119 37.99191471)
339,Point (-121.76786882 37.98850628)
340,Point (-121.86700562 38.03964122)
341,Point (-121.8924784 38.02669339)
342,Point (-121.89436127 38.02160401)
343,Point (-121.8702047 38.01528563)
344,Point (-121.88374505 38.00652423)
345,Point (-121.86542043 38.00402232)
346,Point (-121.87645654 37.98071548)
347,Point (-121.90845581 38.01522614)
348,Point (-121.92473651 37.9919706)
349,Point (-121.91884735 38.03296757)
350,Point (-121.94568323 38.03888357)
351,Point (-121.94520823 38.02327924)
352,Point (-121.97470834 38.0441354)
353,Point (-122.03085896 38.03251565)
354,Point (-122.13969089 38.02080064)
355,Point (-122.12767141 38.01748199)
356,Point (-122.16032465 38.01525795)
357,Point (-122.12305122 38.00408815)
358,Point (-122.09766226 38.02244172)
359,Point (-122.08288068 38.00123472)
360,Point (-122.10422587 37.98818687)
361,Point (-122.09421587 37.97491767)
362,Point (-122.11387382 37.96988392)
363,Point (-122.07259252 37.98173168)
364,Point (-122.07771901 37.96175149)
365,Point (-122.07400589 37.95016326)
366,Point (-122.05997024 37.94541844)
367,Point (-122.0756447 37.93521367)
368,Point (-122.0896924 37.93708488)
369,Point (-122.05438868 37.98458636)
370,Point (-122.03925461 37.97538034)
371,Point (-122.03546964 37.99421267)
372,Point (-122.02791353 37.98850516)
373,Point (-122.01370889 37.97605886)
374,Point (-121.99918645 37.98175124)
375,Point (-121.96510606 37.96219314)
376,Point (-121.98661179 37.96874114)
377,Point (-122.00324086 37.96286289)
378,Point (-121.98535388 37.95050979)
379,Point (-121.97890356 37.95508837)
380,Point (-121.99700951 37.95482075)
381,Point (-122.02177336 37.96880932)
382,Point (-122.03591768 37.96649015)
383,Point (-122.04117783 37.96587403)
384,Point (-122.04794966 37.95831871)
385,Point (-122.01622959 37.95705955)
386,Point (-122.02785543 37.95118897)
387,Point (-122.00912612 37.94010674)
388,Point (-122.0435005 37.94415115)
389,Point (-122.03218869 37.93128264)
390,Point (-122.05094156 37.92117318)
391,Point (-122.02083468 37.91986183)
392,Point (-122.01571193 37.90672498)
393,Point (-122.06249627 37.90089443)
394,Point (-122.07019652 37.92305427)
395,Point (-122.08551354 37.91069202)
396,Point (-122.08470499 37.88731184)
397,Point (-122.05951883 37.87706687)
398,Point (-122.04707007 37.89297972)
399,Point (-122.04069674 37.90336538)
400,Point (-122.02980551 37.88651321)
401,Point (-122.03505567 37.85656575)
402,Point (-121.93945517 37.73179562)
403,Point (-121.94873588 37.74488893)
404,Point (-121.92970193 37.73893752)
405,Point (-121.98082149 37.79691598)
406,Point (-121.95475938 37.79731984)
407,Point (-121.95457452 37.77341998)
408,Point (-121.93314417 37.76013202)
409,Point (-121.97651165 37.74379073)
410,Point (-122.02987517 37.81558001)
411,Point (-121.99068901 37.77787514)
412,Point (-122.00980561 37.88077833)
413,Point (-121.98575532 37.86416477)
414,Point (-121.97632159 37.84488647)
415,Point (-121.95812535 37.81935625)
416,Point (-122.12231897 37.93284793)
417,Point (-122.13309226 37.90284294)
418,Point (-122.10513509 37.88969085)
419,Point (-122.14022695 37.87886912)
420,Point (-122.07045479 37.86274728)
421,Point (-122.10636165 37.86814713)
422,Point (-122.09408749 37.84480838)
423,Point (-122.10475482 37.81867425)
424,Point (-122.14052483 37.85311522)
425,Point (-122.16086417 37.82990771)
426,Point (-122.18255627 37.85697411)
427,Point (-122.16971017 37.8797913)
428,Point (-122.21779898 37.88373362)
429,Point (-122.18325062 37.90310805)
430,Point (-121.78309946 37.97489787)
431,Point (-121.80408969 37.81930721)
432,Point (-121.83779427 37.93443226)
433,Point (-121.97714579 37.99707135)
434,Point (-121.97116904 37.93659443)
435,Point (-121.99569185 37.92104027)
436,Point (-121.92642308 37.89162583)
437,Point (-121.928922 37.95032769)
438,Point (-121.9353391 37.93245799)
439,Point (-122.22920912 38.02442283)
440,Point (-122.20301023 37.95698033)
441,Point (-122.20408341 38.04038388)
442,Point (-122.25362215 38.04360836)
443,Point (-122.28509065 38.01334063)
444,Point (-122.30890966 38.00372624)
445,Point (-122.25197675 37.98371743)
446,Point (-122.2578863 38.00793929)
447,Point (-122.26782139 38.00065905)
448,Point (-122.27534457 37.97417448)
449,Point (-122.29576718 37.96941999)
450,Point (-122.28997564 37.94404969)
451,Point (-122.31635297 37.94548002)
452,Point (-122.31009437 37.97911055)
453,Point (-122.32619447 38.00207446)
454,Point (-122.31929404 37.99385051)
455,Point (-122.35090564 37.98799236)
456,Point (-122.37556118 37.96073332)
457,Point (-122.34751056 37.97619917)
458,Point (-122.35242488 37.96920448)
459,Point (-122.33160519 37.97273845)
460,Point (-122.33681724 37.96612494)
461,Point (-122.35360287 37.95746322)
462,Point (-122.33779784 37.95683998)
463,Point (-122.32494209 37.958634)
464,Point (-122.32340241 37.93973433)
465,Point (-122.33105559 37.94015097)
466,Point (-122.34104882 37.94846499)
467,Point (-122.35505195 37.94758324)
468,Point (-122.3426738 37.93933482)
469,Point (-122.35294124 37.94024485)
470,Point (-122.3636315 37.94104333)
471,Point (-122.36403404 37.93377725)
472,Point (-122.39120313 37.9374591)
473,Point (-122.35771073 37.92828114)
474,Point (-122.34295462 37.91373835)
475,Point (-122.33608065 37.93015962)
476,Point (-122.32388552 37.91582101)
477,Point (-122.31273931 37.90911804)
478,Point (-122.31327002 37.93385706)
479,Point (-122.29664672 37.92413844)
480,Point (-122.30974184 37.92740754)
481,Point (-122.31663183 37.92277517)
482,Point (-122.30694044 37.91694225)
483,Point (-122.303186 37.90894888)
484,Point (-122.29919535 37.90226239)
485,Point (-122.30619216 37.90099996)
486,Point (-122.29455825 37.91386942)
487,Point (-122.29246738 37.90435116)
488,Point (-122.28565088 37.9070914)
489,Point (-122.27782737 37.90959072)
490,Point (-122.54190917 38.13361131)
491,Point (-122.54504142 38.10085399)
492,Point (-122.59227661 38.13140435)
493,Point (-122.58316333 38.11366216)
494,Point (-122.64728083 38.11548666)
495,Point (-122.58715756 38.09825957)
496,Point (-122.56515549 38.0792118)
497,Point (-122.56065149 38.08844076)
498,Point (-122.57051674 38.06117995)
499,Point (-122.51068116 38.07779782)
500,Point (-122.51663326 38.05759127)
501,Point (-122.52017114 38.0289236)
502,Point (-122.50751691 38.00490125)
503,Point (-122.58449678 38.03836667)
504,Point (-122.56425675 38.01845817)
505,Point (-122.54905257 37.99949383)
506,Point (-122.54143553 37.98275735)
507,Point (-122.51007669 37.9824745)
508,Point (-122.47678083 37.98652491)
509,Point (-122.53801467 37.97014515)
510,Point (-122.52202483 37.96078739)
511,Point (-122.5001655 37.95735143)
512,Point (-122.66743548 38.01381627)
513,Point (-122.59521919 37.97596449)
514,Point (-122.60075148 38.00314185)
515,Point (-122.58403779 38.00572076)
516,Point (-122.57702521 37.97947556)
517,Point (-122.56503654 37.97458503)
518,Point (-122.56284813 37.96340591)
519,Point (-122.63927766 37.96319416)
520,Point (-122.55443708 37.94716029)
521,Point (-122.52709609 37.94928411)
522,Point (-122.53898717 37.93559898)
523,Point (-122.52408256 37.92403508)
524,Point (-122.50483228 37.93030374)
525,Point (-122.49127542 37.93990206)
526,Point (-122.46709037 37.87295698)
527,Point (-122.493505 37.90612415)
528,Point (-122.4544039 37.88032717)
529,Point (-122.5088989 37.89095874)
530,Point (-122.54160543 37.9119487)
531,Point (-122.52335536 37.9019957)
532,Point (-122.55952305 37.91033108)
533,Point (-122.53305534 37.871691)
534,Point (-122.54734274 37.89337266)
535,Point (-122.51404536 37.86912488)
536,Point (-122.49355401 37.85887773)
537,Point (-122.55751123 37.87106724)
538,Point (-122.68181525 37.9225345)
539,Point (-122.85054038 38.05071424)
540,Point (-122.79211807 38.17109413)
541,Point (-122.29903085 38.29162612)
542,Point (-122.28956362 38.29504548)
543,Point (-122.29055288 38.28636639)
544,Point (-122.27035851 38.28801462)
545,Point (-122.26866408 38.30999593)
546,Point (-122.30237091 38.31089314)
547,Point (-122.29005704 38.31640601)
548,Point (-122.2880369 38.30472214)
549,Point (-122.30688761 38.33358862)
550,Point (-122.31436563 38.31042404)
551,Point (-122.32712244 38.32705466)
552,Point (-122.33070611 38.30934103)
553,Point (-122.32475614 38.29436426)
554,Point (-122.30214608 38.261674)
555,Point (-122.27350526 38.27062935)
556,Point (-122.28054553 38.19994699)
557,Point (-122.23138488 38.22743683)
558,Point (-122.36945004 38.2819267)
559,Point (-122.35987617 38.38150884)
560,Point (-122.36766001 38.39523645)
561,Point (-122.22094534 38.3985355)
562,Point (-122.46142472 38.47205197)
563,Point (-122.46768803 38.50384618)
564,Point (-122.42385285 38.55456454)
565,Point (-122.28931709 38.64162357)
566,Point (-122.55254807 38.62637772)
567,Point (-122.58350671 38.58154249)
568,Point (-122.41260359 37.80714285)
569,Point (-122.42259248 37.80408469)
570,Point (-122.41666583 37.80171934)
571,Point (-122.40849071 37.80230966)
572,Point (-122.39944878 37.79895165)
573,Point (-122.40739516 37.79944662)
574,Point (-122.41094482 37.79854762)
575,Point (-122.41528364 37.7965319)
576,Point (-122.42152454 37.7981011)
577,Point (-122.42076733 37.79442776)
578,Point (-122.42002014 37.79080479)
579,Point (-122.4137862 37.79292919)
580,Point (-122.4103344 37.79464518)
581,Point (-122.40759898 37.79555167)
582,Point (-122.403738 37.79558556)
583,Point (-122.40449915 37.79038707)
584,Point (-122.40713092 37.79330251)
585,Point (-122.4124252 37.79078011)
586,Point (-122.41950222 37.78803022)
587,Point (-122.41287917 37.78886058)
588,Point (-122.41899264 37.78567181)
589,Point (-122.41242619 37.78649448)
590,Point (-122.41832715 37.78070722)
591,Point (-122.41249097 37.78323923)
592,Point (-122.43560192 37.80498947)
593,Point (-122.44626835 37.80307697)
594,Point (-122.44280056 37.79775002)
595,Point (-122.43139605 37.80108071)
596,Point (-122.43143755 37.79720653)
597,Point (-122.42721603 37.79310183)
598,Point (-122.43979194 37.79362492)
599,Point (-122.45356497 37.7886942)
600,Point (-122.44183251 37.78982836)
601,Point (-122.43352936 37.79090076)
602,Point (-122.42439334 37.78748379)
603,Point (-122.43128737 37.78794443)
604,Point (-122.44029476 37.78674656)
605,Point (-122.45211459 37.78426701)
606,Point (-122.43489487 37.78503746)
607,Point (-122.45735176 37.77808336)
608,Point (-122.44885281 37.77882994)
609,Point (-122.43863214 37.78013946)
610,Point (-122.43031662 37.78319769)
611,Point (-122.42350615 37.78237088)
612,Point (-122.42961743 37.77988348)
613,Point (-122.42384251 37.7771108)
614,Point (-122.43050458 37.77593615)
615,Point (-122.43785189 37.77502632)
616,Point (-122.44863803 37.77408552)
617,Point (-122.4483522 37.77030228)
618,Point (-122.43866388 37.77027873)
619,Point (-122.42795009 37.77234225)
620,Point (-122.43332056 37.76702144)
621,Point (-122.44046801 37.76481644)
622,Point (-122.44920848 37.76539362)
623,Point (-122.4116598 37.77938614)
624,Point (-122.39940211 37.78905728)
625,Point (-122.41345626 37.76794723)
626,Point (-122.40750919 37.77776319)
627,Point (-122.39309763 37.78579964)
628,Point (-122.37056995 37.81919723)
629,Point (-122.40332587 37.77530285)
630,Point (-122.42103445 37.76856813)
631,Point (-122.42517792 37.76705172)
632,Point (-122.4303419 37.76479492)
633,Point (-122.44494937 37.7549488)
634,Point (-122.43798784 37.75902991)
635,Point (-122.43133027 37.75948)
636,Point (-122.42467498 37.75911005)
637,Point (-122.42033091 37.75941337)
638,Point (-122.41961196 37.75173587)
639,Point (-122.42394473 37.75151437)
640,Point (-122.43078775 37.75386972)
641,Point (-122.4390477 37.75301989)
642,Point (-122.43921333 37.74915864)
643,Point (-122.43027151 37.74945087)
644,Point (-122.42766443 37.74491094)
645,Point (-122.43877064 37.74532645)
646,Point (-122.44016868 37.74004236)
647,Point (-122.42989388 37.73777881)
648,Point (-122.38854141 37.75949024)
649,Point (-122.40311085 37.76024816)
650,Point (-122.39686124 37.76251496)
651,Point (-122.3982143 37.75508478)
652,Point (-122.413628 37.7606964)
653,Point (-122.40734227 37.75885718)
654,Point (-122.41326982 37.75577969)
655,Point (-122.41509745 37.75112248)
656,Point (-122.41153466 37.75122918)
657,Point (-122.40738812 37.75165873)
658,Point (-122.40280159 37.73514047)
659,Point (-122.39326679 37.73630008)
660,Point (-122.39694229 37.73254785)
661,Point (-122.38952011 37.73747371)
662,Point (-122.38567898 37.7344253)
663,Point (-122.37821909 37.73435833)
664,Point (-122.38745113 37.72775783)
665,Point (-122.39885698 37.72523887)
666,Point (-122.39141435 37.72151229)
667,Point (-122.40872639 37.74380494)
668,Point (-122.41537161 37.74365534)
669,Point (-122.4212176 37.74373114)
670,Point (-122.42175485 37.73755969)
671,Point (-122.41398119 37.73643153)
672,Point (-122.42214831 37.73358022)
673,Point (-122.43778412 37.72801736)
674,Point (-122.4233892 37.72846295)
675,Point (-122.41016462 37.72982376)
676,Point (-122.40310838 37.72144168)
677,Point (-122.4120059 37.72325072)
678,Point (-122.43326759 37.72333435)
679,Point (-122.42737783 37.72591223)
680,Point (-122.42987384 37.71943125)
681,Point (-122.43664904 37.71765542)
682,Point (-122.4438841 37.71934456)
683,Point (-122.45471713 37.7110943)
684,Point (-122.44057065 37.71361672)
685,Point (-122.43192945 37.71148718)
686,Point (-122.44432651 37.7095154)
687,Point (-122.41229569 37.71327029)
688,Point (-122.40452322 37.71630128)
689,Point (-122.40793638 37.71102294)
690,Point (-122.41644966 37.70955866)
691,Point (-122.46081129 37.76402443)
692,Point (-122.45790512 37.7581418)
693,Point (-122.47482084 37.76261563)
694,Point (-122.46829451 37.7628841)
695,Point (-122.47026764 37.75675807)
696,Point (-122.47266503 37.75177575)
697,Point (-122.46853218 37.74676071)
698,Point (-122.45352564 37.75154996)
699,Point (-122.45812218 37.74352854)
700,Point (-122.45118587 37.73725752)
701,Point (-122.46871654 37.73896802)
702,Point (-122.46915463 37.72805718)
703,Point (-122.4581271 37.72835897)
704,Point (-122.44730243 37.72912929)
705,Point (-122.45609012 37.7206166)
706,Point (-122.4682179 37.71561361)
707,Point (-122.45793591 37.71449365)
708,Point (-122.48285113 37.76032116)
709,Point (-122.49223793 37.75994881)
710,Point (-122.48197061 37.74913932)
711,Point (-122.49138713 37.74873941)
712,Point (-122.48555409 37.73825441)
713,Point (-122.48789063 37.73195442)
714,Point (-122.48046759 37.72601826)
715,Point (-122.47993815 37.71732328)
716,Point (-122.50018279 37.75741199)
717,Point (-122.5079683 37.754581)
718,Point (-122.50714814 37.76115599)
719,Point (-122.49873522 37.74228071)
720,Point (-122.5059411 37.7421559)
721,Point (-122.46281682 37.78509203)
722,Point (-122.46943723 37.78428378)
723,Point (-122.47918673 37.78311956)
724,Point (-122.48918199 37.78213994)
725,Point (-122.4877146 37.78669991)
726,Point (-122.46227787 37.77743161)
727,Point (-122.46896936 37.77697812)
728,Point (-122.47653576 37.77662581)
729,Point (-122.48512507 37.7780965)
730,Point (-122.48483573 37.77434476)
731,Point (-122.4949637 37.77634383)
732,Point (-122.5083591 37.77589626)
733,Point (-122.50500212 37.77904394)
734,Point (-122.46750769 37.79753046)
735,Point (-122.5025264 37.78450182)
736,Point (-122.48236333 37.76889769)
737,Point (-122.53058944 37.71823376)
738,Point (-122.419907 37.71772342)
739,Point (-122.42100592 37.71092351)
740,Point (-122.36808442 37.7250688)
741,Point (-122.39415327 37.77207833)
742,Point (-122.39198758 37.74500157)
743,Point (-122.39122219 37.71333545)
744,Point (-122.41188101 37.68689312)
745,Point (-122.41689922 37.7043837)
746,Point (-122.43312064 37.70175266)
747,Point (-122.44877509 37.70514179)
748,Point (-122.4577909 37.69685065)
749,Point (-122.46734525 37.69724147)
750,Point (-122.46476276 37.70510998)
751,Point (-122.48118031 37.6997824)
752,Point (-122.48883925 37.70460573)
753,Point (-122.49371424 37.67884986)
754,Point (-122.49018167 37.69179239)
755,Point (-122.47921395 37.69305594)
756,Point (-122.46631204 37.68755826)
757,Point (-122.47963626 37.68059268)
758,Point (-122.48647238 37.67418901)
759,Point (-122.47924127 37.66908379)
760,Point (-122.45105034 37.67796511)
761,Point (-122.46147129 37.65584944)
762,Point (-122.47026701 37.66821668)
763,Point (-122.47043319 37.65725272)
764,Point (-122.45680731 37.66271199)
765,Point (-122.44702978 37.65512162)
766,Point (-122.43715468 37.66243206)
767,Point (-122.422022 37.66806003)
768,Point (-122.40771052 37.66181703)
769,Point (-122.41879404 37.65611885)
770,Point (-122.4014137 37.65062586)
771,Point (-122.43666802 37.64447806)
772,Point (-122.45147588 37.6396746)
773,Point (-122.46176006 37.64663486)
774,Point (-122.47605297 37.64832991)
775,Point (-122.48495042 37.65937117)
776,Point (-122.48997243 37.65135219)
777,Point (-122.48524199 37.63576965)
778,Point (-122.48329582 37.61557952)
779,Point (-122.50606807 37.58836182)
780,Point (-122.48665057 37.58076803)
781,Point (-122.46343289 37.59461461)
782,Point (-122.46089595 37.62373106)
783,Point (-122.46093484 37.62924082)
784,Point (-122.4490446 37.63237895)
785,Point (-122.435003 37.61891069)
786,Point (-122.41794059 37.61419533)
787,Point (-122.42155647 37.62339742)
788,Point (-122.4112676 37.62380021)
789,Point (-122.42672519 37.63311841)
790,Point (-122.40718296 37.6270308)
791,Point (-122.38411213 37.62065391)
792,Point (-122.39145297 37.60501665)
793,Point (-122.41124061 37.60614142)
794,Point (-122.41919026 37.60021627)
795,Point (-122.40762923 37.59395018)
796,Point (-122.39895072 37.59956232)
797,Point (-122.39908082 37.58945912)
798,Point (-122.39084307 37.58056876)
799,Point (-122.3724439 37.59411039)
800,Point (-122.37808381 37.58335606)
801,Point (-122.36353488 37.58206367)
802,Point (-122.34711034 37.58615702)
803,Point (-122.34999969 37.57641187)
804,Point (-122.37072928 37.5647635)
805,Point (-122.34962126 37.54766082)
806,Point (-122.34695427 37.5677585)
807,Point (-122.33574008 37.57212595)
808,Point (-122.33276136 37.57973127)
809,Point (-122.3185929 37.58159429)
810,Point (-122.32364758 37.57250262)
811,Point (-122.32107458 37.56503627)
812,Point (-122.32730846 37.56096441)
813,Point (-122.33275655 37.55311087)
814,Point (-122.31879864 37.55246123)
815,Point (-122.32521805 37.54016592)
816,Point (-122.33941191 37.52864869)
817,Point (-122.34725155 37.51977895)
818,Point (-122.32466601 37.52442502)
819,Point (-122.30604441 37.52720573)
820,Point (-122.29903943 37.53333154)
821,Point (-122.31339239 37.53426301)
822,Point (-122.31382676 37.54413485)
823,Point (-122.30134497 37.54654813)
824,Point (-122.30831386 37.55764026)
825,Point (-122.3048668 37.57076778)
826,Point (-122.30440035 37.56453709)
827,Point (-122.29642759 37.56065416)
828,Point (-122.28784115 37.56031684)
829,Point (-122.25945478 37.54989741)
830,Point (-122.26923227 37.54931635)
831,Point (-122.27691189 37.5613192)
832,Point (-122.26219626 37.54024916)
833,Point (-122.27289715 37.5414138)
834,Point (-122.2634999 37.56030691)
835,Point (-122.26078391 37.56665129)
836,Point (-122.25207689 37.55637768)
837,Point (-122.28629025 37.54587205)
838,Point (-122.29038668 37.53760803)
839,Point (-122.28416843 37.53210206)
840,Point (-122.27569705 37.52731538)
841,Point (-122.28986412 37.52126542)
842,Point (-122.31202651 37.51652295)
843,Point (-122.31202032 37.50446191)
844,Point (-122.28221886 37.51404971)
845,Point (-122.25627094 37.51030684)
846,Point (-122.26174113 37.50341757)
847,Point (-122.25170945 37.49002242)
848,Point (-122.26344647 37.49511886)
849,Point (-122.27903826 37.50503009)
850,Point (-122.28461884 37.49528152)
851,Point (-122.27675841 37.48879301)
852,Point (-122.28251655 37.48108536)
853,Point (-122.27552193 37.46496616)
854,Point (-122.2534767 37.47129489)
855,Point (-122.24827055 37.47882893)
856,Point (-122.24158461 37.48339489)
857,Point (-122.23856409 37.49196837)
858,Point (-122.21437167 37.48402781)
859,Point (-122.22983911 37.48873724)
860,Point (-122.22418548 37.47891024)
861,Point (-122.21076506 37.5111398)
862,Point (-122.24024793 37.5391584)
863,Point (-122.25733665 37.52882642)
864,Point (-122.19212023 37.4819954)
865,Point (-122.20523244 37.47925004)
866,Point (-122.21013503 37.47096483)
867,Point (-122.19824877 37.47409386)
868,Point (-122.21987163 37.46942594)
869,Point (-122.22669678 37.46940577)
870,Point (-122.23256795 37.47561116)
871,Point (-122.23425183 37.46559961)
872,Point (-122.25380912 37.45709746)
873,Point (-122.23554422 37.4561569)
874,Point (-122.22631253 37.45205453)
875,Point (-122.21254492 37.4476037)
876,Point (-122.18592091 37.46735436)
877,Point (-122.17151214 37.47454304)
878,Point (-122.15814351 37.4901334)
879,Point (-122.1366266 37.48188607)
880,Point (-122.12985201 37.46436146)
881,Point (-122.14745583 37.46811431)
882,Point (-122.14482768 37.45913165)
883,Point (-122.15925326 37.46011213)
884,Point (-122.16660702 37.46457146)
885,Point (-122.17883813 37.45571943)
886,Point (-122.18298407 37.4491906)
887,Point (-122.18989015 37.44388234)
888,Point (-122.19350153 37.4362574)
889,Point (-122.20472118 37.43200366)
890,Point (-122.20660325 37.4210828)
891,Point (-122.21771775 37.37441885)
892,Point (-122.24961794 37.43987867)
893,Point (-122.28007633 37.41725952)
894,Point (-122.41549363 37.53451166)
895,Point (-122.46812259 37.52063745)
896,Point (-122.49955061 37.54370109)
897,Point (-122.37525221 37.4481251)
898,Point (-122.30297666 37.27802914)
899,Point (-121.89402455 37.35839283)
900,Point (-121.90351332 37.34908412)
901,Point (-121.9095135 37.33932688)
902,Point (-121.92312127 37.34012832)
903,Point (-121.92905473 37.32986844)
904,Point (-121.9157118 37.33332426)
905,Point (-121.89657418 37.33039832)
906,Point (-121.8853213 37.33509922)
907,Point (-121.88079145 37.33306753)
908,Point (-121.88922251 37.34165099)
909,Point (-121.88617355 37.35192115)
910,Point (-121.8799531 37.34658066)
911,Point (-121.87575045 37.33875853)
912,Point (-121.86992493 37.34938099)
913,Point (-121.8597208 37.34188948)
914,Point (-121.86569885 37.33780881)
915,Point (-121.87615981 37.32954917)
916,Point (-121.88730383 37.32339211)
917,Point (-121.89747156 37.31662085)
918,Point (-121.90960029 37.31879268)
919,Point (-121.93423556 37.32229003)
920,Point (-121.92210597 37.31921349)
921,Point (-121.93736827 37.30576975)
922,Point (-121.92677954 37.30994981)
923,Point (-121.92184271 37.30460874)
924,Point (-121.92194956 37.29790124)
925,Point (-121.90880448 37.30352798)
926,Point (-121.8935469 37.30479336)
927,Point (-121.89409774 37.29305712)
928,Point (-121.91600119 37.28997356)
929,Point (-121.93364042 37.28552589)
930,Point (-121.93891266 37.27078597)
931,Point (-121.94378029 37.25803848)
932,Point (-121.92445245 37.25570301)
933,Point (-121.92822977 37.27127667)
934,Point (-121.91683687 37.27324708)
935,Point (-121.90628515 37.27782671)
936,Point (-121.90271122 37.2476467)
937,Point (-121.89848588 37.26328899)
938,Point (-121.90989788 37.25915469)
939,Point (-121.88854149 37.25644085)
940,Point (-121.88462251 37.25127588)
941,Point (-121.89311829 37.28392627)
942,Point (-121.8885678 37.2767953)
943,Point (-121.88620035 37.26751687)
944,Point (-121.86549091 37.30880583)
945,Point (-121.86008156 37.32645685)
946,Point (-121.84828536 37.32278161)
947,Point (-121.87467294 37.28357736)
948,Point (-121.85124783 37.3333736)
949,Point (-121.84092177 37.3226239)
950,Point (-121.87214206 37.3223473)
951,Point (-121.88193198 37.315874)
952,Point (-121.85871134 37.28921318)
953,Point (-121.85440224 37.27752503)
954,Point (-121.8403966 37.2891434)
955,Point (-121.81664199 37.29456854)
956,Point (-121.81670945 37.28062514)
957,Point (-121.82407697 37.29033335)
958,Point (-121.83369888 37.31187492)
959,Point (-121.83008764 37.30467789)
960,Point (-121.83838903 37.30151871)
961,Point (-121.84921191 37.29913391)
962,Point (-121.83153732 37.28669598)
963,Point (-121.83097716 37.28051444)
964,Point (-121.82245738 37.31274137)
965,Point (-121.81562447 37.32016067)
966,Point (-121.82322184 37.3317149)
967,Point (-121.76415571 37.34888342)
968,Point (-121.77770844 37.33132431)
969,Point (-121.80231744 37.31832905)
970,Point (-121.80810398 37.30414524)
971,Point (-121.74368497 37.30925768)
972,Point (-121.74259793 37.28341156)
973,Point (-121.80764816 37.33291901)
974,Point (-121.79905219 37.34147719)
975,Point (-121.79286858 37.33379427)
976,Point (-121.79061663 37.32761418)
977,Point (-121.79047916 37.3207049)
978,Point (-121.76546848 37.32477063)
979,Point (-121.79026155 37.30806264)
980,Point (-121.77257609 37.2820268)
981,Point (-121.84117573 37.33316556)
982,Point (-121.83619717 37.32594817)
983,Point (-121.83532225 37.33595018)
984,Point (-121.82843141 37.34378553)
985,Point (-121.83328562 37.34036455)
986,Point (-121.81276854 37.35445819)
987,Point (-121.80273783 37.34872059)
988,Point (-121.8209428 37.34960414)
989,Point (-121.81516726 37.34275377)
990,Point (-121.86741767 37.35821093)
991,Point (-121.85349727 37.34460526)
992,Point (-121.84707265 37.35183866)
993,Point (-121.84077645 37.34609523)
994,Point (-121.84553116 37.36328597)
995,Point (-121.85506366 37.35789611)
996,Point (-121.85587572 37.36943084)
997,Point (-121.86330733 37.36452677)
998,Point (-121.83678308 37.38428659)
999,Point (-121.85080067 37.38367466)
1000,Point (-121.84609879 37.37583292)