<?xml version="1.0" encoding="UTF-8"?>
<metadata>
  <idinfo>
    <citation>
      <citeinfo>
        <origin/>
        <pubdate>20110101</pubdate>
        <title>Communities of Concern, San Francisco Bay Area, California 2005-2009</title>
        <geoform>vector digital data</geoform>
        <pubinfo>
          <pubplace/>
          <publish>California. Metropolitan Transportation Commission</publish>
        </pubinfo>
        <onlink>http://purl.stanford.edu/dp294hh9321</onlink>
        <lworkcit>
          <citeinfo>
            <origin/>
            <pubdate>20100101</pubdate>
            <title>California Metropolitan Transportation Comission GIS Data</title>
            <pubinfo>
              <pubplace/>
              <publish>California. Metropolitan Transportation Commission</publish>
            </pubinfo>
          </citeinfo>
        </lworkcit>
      </citeinfo>
    </citation>
    <descript>
      <abstract>This polygon shapefile contains the California Metropolitan Transportation Commission's (MTC) Communities of Concern (COC) for the San Francisco Bay Area (TAZ 1454 geography) based on eight ACS 2005-2009 tract-level variables: Minority, Low-Income (less than 200% of federal poverty level), Level of English proficiency. Elderly, Zero-Vehicle Households, Single Parent Households, Disabled, Rent-Burdened Households. If a tract exceeds a threshold value for four or more variables, it is a COC. This layer is part of the Bay Area Metropolitan Transportation Commission (MTC) GIS Maps and Data collection.</abstract>
      <purpose>This dataset is intended for researchers, students, and policy makers for reference and mapping purposes, and may be used for basic applications such as viewing, querying, and map output production, or to provide a basemap to support graphical overlays and analysis with other spatial data.</purpose>
    </descript>
    <timeperd>
      <timeinfo>
        <rngdates>
          <begdate>20050101</begdate>
          <enddate>20091231</enddate>
        </rngdates>
      </timeinfo>
      <current>ground condition</current>
    </timeperd>
    <status>
      <progress>Complete</progress>
      <update>As needed</update>
    </status>
    <spdom>
      <bounding>
        <westbc>-123.534804</westbc>
        <eastbc>-121.209229</eastbc>
        <northbc>38.864149</northbc>
        <southbc>36.894113</southbc>
      </bounding>
    </spdom>
    <keywords>
      <theme>
        <themekt>lcsh</themekt>
        <themekey>Transportation demand management</themekey>
        <themekey>Population</themekey>
        <themekey>Traffic estimation</themekey>
        <themekey>Population</themekey>
      </theme>
      <theme>
        <themekt>ISO 19115 Topic Categories</themekt>
        <themekey>economy</themekey>
        <themekey>planningCadastre</themekey>
        <themekey>society</themekey>
        <themekey>transportation</themekey>
      </theme>
      <place>
        <placekt>geonames</placekt>
        <placekey>San Francisco Bay Area (Calif.)</placekey>
        <placekey>San Francisco (Calif.)</placekey>
        <placekey>Contra Costa County (Calif.)</placekey>
        <placekey>Napa County (Calif.)</placekey>
        <placekey>San Mateo County (Calif.)</placekey>
        <placekey>San Mateo County (Calif.)</placekey>
        <placekey>Solano County (Calif.)</placekey>
        <placekey>Sonoma County (Calif.)</placekey>
        <placekey>Marin County (Calif.)</placekey>
        <placekey>Alameda County (Calif.)</placekey>
      </place>
      <temporal>
        <tempkt>None</tempkt>
        <tempkey>2005-2009</tempkey>
      </temporal>
    </keywords>
    <accconst>No restrictions on access or use.</accconst>
    <useconst>None</useconst>
    <ptcontac>
      <cntinfo>
        <cntorgp>
          <cntorg>California. Metropolitan Transportation Commission</cntorg>
        </cntorgp>
        <cntaddr>
          <addrtype>unknown</addrtype>
          <address>101 Eighth Street</address>
          <city>Oakland</city>
          <state>California</state>
          <country>US</country>
        </cntaddr>
        <cntvoice>510.817.5700</cntvoice>
        <cntemail>info@mtc.ca.gov</cntemail>
      </cntinfo>
    </ptcontac>
    <datacred>California, Metropolitan Transportation Commission. (2012). Communities of Concern, San Francisco Bay Area, California 2005-2009. MTC. Available at: http://purl.stanford.edu/dp294hh9321.</datacred>
    <native>Microsoft Windows 7 Version 6.1 (Build 7601) Service Pack 1; Esri ArcGIS 10.2.2.3552</native>
  </idinfo>
  <spdoinfo>
    <direct>Vector</direct>
    <ptvctinf>
      <sdtsterm>
        <sdtstype>GT-polygon composed of chains</sdtstype>
        <ptvctcnt>1405</ptvctcnt>
      </sdtsterm>
    </ptvctinf>
  </spdoinfo>
  <eainfo>
    <detailed>
      <enttyp>
        <enttypl>Communities_of_Concern_Tracts_detailed_data</enttypl>
      </enttyp>
      <attr>
        <attrlabl>FID</attrlabl>
        <attrdef>Internal feature number.</attrdef>
        <attrdefs>Esri</attrdefs>
        <attrdomv>
          <udom>Sequential unique whole numbers that are automatically generated.</udom>
        </attrdomv>
      </attr>
      <attr>
        <attrlabl>Shape</attrlabl>
        <attrdef>Feature geometry.</attrdef>
        <attrdefs>Esri</attrdefs>
        <attrdomv>
          <udom>Coordinates defining the features.</udom>
        </attrdomv>
      </attr>
      <attr>
        <attrlabl>OBJECTID</attrlabl>
      </attr>
      <attr>
        <attrlabl>pctlep_20</attrlabl>
      </attr>
      <attr>
        <attrlabl>rent50occh</attrlabl>
      </attr>
      <attr>
        <attrlabl>spfam_20</attrlabl>
      </attr>
      <attr>
        <attrlabl>geo_id2</attrlabl>
      </attr>
      <attr>
        <attrlabl>pct_zvhhs</attrlabl>
      </attr>
      <attr>
        <attrlabl>pct_disab</attrlabl>
      </attr>
      <attr>
        <attrlabl>geo_name</attrlabl>
      </attr>
      <attr>
        <attrlabl>minority_7</attrlabl>
      </attr>
      <attr>
        <attrlabl>pct_below2</attrlabl>
      </attr>
      <attr>
        <attrlabl>pct_lep</attrlabl>
      </attr>
      <attr>
        <attrlabl>cocflag</attrlabl>
      </attr>
      <attr>
        <attrlabl>pctdisbl_2</attrlabl>
      </attr>
      <attr>
        <attrlabl>sumall_8</attrlabl>
      </attr>
      <attr>
        <attrlabl>lowinc_30</attrlabl>
      </attr>
      <attr>
        <attrlabl>over75_10</attrlabl>
      </attr>
      <attr>
        <attrlabl>pct_spfami</attrlabl>
      </attr>
      <attr>
        <attrlabl>totpop</attrlabl>
      </attr>
      <attr>
        <attrlabl>pcthus_ren</attrlabl>
      </attr>
      <attr>
        <attrlabl>geo_id</attrlabl>
      </attr>
      <attr>
        <attrlabl>pct_over75</attrlabl>
      </attr>
      <attr>
        <attrlabl>pct_minori</attrlabl>
      </attr>
      <attr>
        <attrlabl>zvhh_10</attrlabl>
      </attr>
      <attr>
        <attrlabl>ShapeSTAre</attrlabl>
      </attr>
      <attr>
        <attrlabl>ShapeSTLen</attrlabl>
      </attr>
    </detailed>
  </eainfo>
  <distinfo>
    <distrib>
      <cntinfo>
        <cntorgp>
          <cntorg>Stanford Geospatial Center</cntorg>
        </cntorgp>
        <cntaddr>
          <addrtype>physical</addrtype>
          <address>Branner Earth Sciences Library</address>
          <address>Mitchell Building, 2nd Floor</address>
          <address>397 Panama Mall</address>
          <city>Stanford</city>
          <state>California</state>
          <postal>94305</postal>
        </cntaddr>
        <cntvoice>650-723-2746</cntvoice>
        <cntemail>brannerlibrary@stanford.edu</cntemail>
      </cntinfo>
    </distrib>
    <distliab>See access and use constraints information.</distliab>
  </distinfo>
  <metainfo>
    <metd>20150717</metd>
    <metc>
      <cntinfo>
        <cntorgp>
          <cntorg>Stanford Geospatial Center</cntorg>
        </cntorgp>
        <cntaddr>
          <addrtype>physical</addrtype>
          <address>Branner Earth Sciences Library</address>
          <address>Mitchell Building, 2nd Floor</address>
          <address>397 Panama Mall</address>
          <city>Stanford</city>
          <state>California</state>
          <postal>94305</postal>
        </cntaddr>
        <cntvoice>650-723-2746</cntvoice>
        <cntemail>brannerlibrary@stanford.edu</cntemail>
      </cntinfo>
    </metc>
    <metstdn>FGDC Content Standard for Digital Geospatial Metadata</metstdn>
    <metstdv>FGDC-STD-001-1998</metstdv>
    <mettc>local time</mettc>
  </metainfo>
</metadata>
