<?xml version="1.0" encoding="utf-8"?>
<gfc:FC_FeatureCatalogue xmlns:xsi="http://www.w3.org/2001/XMLSchema-instance" xmlns:gco="http://www.isotc211.org/2005/gco" xmlns:gfc="http://www.isotc211.org/2005/gfc" xmlns:gmd="http://www.isotc211.org/2005/gmd" xmlns:gmx="http://www.isotc211.org/2005/gmx" xmlns:gml="http://www.opengis.net/gml/3.2" xmlns:xlink="http://www.w3.org/1999/xlink" xmlns="http://www.isotc211.org/2005/gfc" xsi:schemaLocation="http://www.isotc211.org/2005/gfc http://www.isotc211.org/2005/gfc/gfc.xsd" uuid="&#10;               352dc686-17e3-49b2-97b5-9b3389191d26&#10;            ">
  <gmx:name>
    <gco:CharacterString>Feature catalog for Communities of Concern, San Francisco Bay Area, California 2005-2009</gco:CharacterString>
  </gmx:name>
  <gmx:scope>
    <gco:CharacterString>Transportation demand management; Population; Traffic estimation; Population</gco:CharacterString>
  </gmx:scope>
  <gmx:versionNumber gco:nilReason="unknown"/>
  <gmx:versionDate>
    <gco:Date>2011</gco:Date>
  </gmx:versionDate>
  <gmx:language>
    <gco:CharacterString>eng; US</gco:CharacterString>
  </gmx:language>
  <gmx:characterSet>
    <gmd:MD_CharacterSetCode codeList="http://www.isotc211.org/2005/resources/Codelist/gmxCodelists.xml#MD_CharacterSetCode" codeListValue="utf8" codeSpace="ISOTC211/19115"/>
  </gmx:characterSet>
  <gfc:featureType>
    <gfc:FC_FeatureType>
      <gfc:typeName>
        <gco:LocalName>Communities_of_Concern_Tracts_detailed_data</gco:LocalName>
      </gfc:typeName>
      <gfc:definition/>
      <gfc:isAbstract>
        <gco:Boolean>false</gco:Boolean>
      </gfc:isAbstract>
      <gfc:featureCatalogue uuidref="&#10;               352dc686-17e3-49b2-97b5-9b3389191d26&#10;            "/>
      <gfc:carrierOfCharacteristics>
        <gfc:FC_FeatureAttribute>
          <gfc:memberName>
            <gco:LocalName>FID</gco:LocalName>
          </gfc:memberName>
          <gfc:definition>
            <gco:CharacterString>Internal feature number.</gco:CharacterString>
          </gfc:definition>
          <gfc:cardinality gco:nilReason="unknown"/>
          <gfc:definitionReference>
            <gfc:FC_DefinitionReference>
              <gfc:definitionSource>
                <gfc:FC_DefinitionSource>
                  <gfc:source>
                    <gmd:CI_Citation>
                      <gmd:title>
                        <gco:CharacterString>Esri</gco:CharacterString>
                      </gmd:title>
                      <gmd:date gco:nilReason="unknown"/>
                      <gmd:citedResponsibleParty>
                        <gmd:CI_ResponsibleParty>
                          <gmd:organisationName>
                            <gco:CharacterString>Esri</gco:CharacterString>
                          </gmd:organisationName>
                          <gmd:role>
                            <gmd:CI_RoleCode codeList="http://www.isotc211.org/2005/resources/Codelist/gmxCodelists.xml#CI_RoleCode" codeListValue="resourceProvider" codeSpace="001"/>
                          </gmd:role>
                        </gmd:CI_ResponsibleParty>
                      </gmd:citedResponsibleParty>
                    </gmd:CI_Citation>
                  </gfc:source>
                </gfc:FC_DefinitionSource>
              </gfc:definitionSource>
            </gfc:FC_DefinitionReference>
          </gfc:definitionReference>
          <gfc:valueType>
            <gco:TypeName>
              <gco:aName>
                <gco:CharacterString>OID</gco:CharacterString>
              </gco:aName>
            </gco:TypeName>
          </gfc:valueType>
        </gfc:FC_FeatureAttribute>
      </gfc:carrierOfCharacteristics>
      <gfc:carrierOfCharacteristics>
        <gfc:FC_FeatureAttribute>
          <gfc:memberName>
            <gco:LocalName>Shape</gco:LocalName>
          </gfc:memberName>
          <gfc:definition>
            <gco:CharacterString>Feature geometry.</gco:CharacterString>
          </gfc:definition>
          <gfc:cardinality gco:nilReason="unknown"/>
          <gfc:definitionReference>
            <gfc:FC_DefinitionReference>
              <gfc:definitionSource>
                <gfc:FC_DefinitionSource>
                  <gfc:source>
                    <gmd:CI_Citation>
                      <gmd:title>
                        <gco:CharacterString>Esri</gco:CharacterString>
                      </gmd:title>
                      <gmd:date gco:nilReason="unknown"/>
                      <gmd:citedResponsibleParty>
                        <gmd:CI_ResponsibleParty>
                          <gmd:organisationName>
                            <gco:CharacterString>Esri</gco:CharacterString>
                          </gmd:organisationName>
                          <gmd:role>
                            <gmd:CI_RoleCode codeList="http://www.isotc211.org/2005/resources/Codelist/gmxCodelists.xml#CI_RoleCode" codeListValue="resourceProvider" codeSpace="001"/>
                          </gmd:role>
                        </gmd:CI_ResponsibleParty>
                      </gmd:citedResponsibleParty>
                    </gmd:CI_Citation>
                  </gfc:source>
                </gfc:FC_DefinitionSource>
              </gfc:definitionSource>
            </gfc:FC_DefinitionReference>
          </gfc:definitionReference>
          <gfc:valueType>
            <gco:TypeName>
              <gco:aName>
                <gco:CharacterString>Geometry</gco:CharacterString>
              </gco:aName>
            </gco:TypeName>
          </gfc:valueType>
        </gfc:FC_FeatureAttribute>
      </gfc:carrierOfCharacteristics>
      <gfc:carrierOfCharacteristics>
        <gfc:FC_FeatureAttribute>
          <gfc:memberName>
            <gco:LocalName>OBJECTID</gco:LocalName>
          </gfc:memberName>
          <gfc:cardinality gco:nilReason="unknown"/>
          <gfc:valueType>
            <gco:TypeName>
              <gco:aName>
                <gco:CharacterString>Double</gco:CharacterString>
              </gco:aName>
            </gco:TypeName>
          </gfc:valueType>
        </gfc:FC_FeatureAttribute>
      </gfc:carrierOfCharacteristics>
      <gfc:carrierOfCharacteristics>
        <gfc:FC_FeatureAttribute>
          <gfc:memberName>
            <gco:LocalName>pctlep_20</gco:LocalName>
          </gfc:memberName>
          <gfc:cardinality gco:nilReason="unknown"/>
          <gfc:valueType>
            <gco:TypeName>
              <gco:aName>
                <gco:CharacterString>Double</gco:CharacterString>
              </gco:aName>
            </gco:TypeName>
          </gfc:valueType>
        </gfc:FC_FeatureAttribute>
      </gfc:carrierOfCharacteristics>
      <gfc:carrierOfCharacteristics>
        <gfc:FC_FeatureAttribute>
          <gfc:memberName>
            <gco:LocalName>rent50occh</gco:LocalName>
          </gfc:memberName>
          <gfc:cardinality gco:nilReason="unknown"/>
          <gfc:valueType>
            <gco:TypeName>
              <gco:aName>
                <gco:CharacterString>Double</gco:CharacterString>
              </gco:aName>
            </gco:TypeName>
          </gfc:valueType>
        </gfc:FC_FeatureAttribute>
      </gfc:carrierOfCharacteristics>
      <gfc:carrierOfCharacteristics>
        <gfc:FC_FeatureAttribute>
          <gfc:memberName>
            <gco:LocalName>spfam_20</gco:LocalName>
          </gfc:memberName>
          <gfc:cardinality gco:nilReason="unknown"/>
          <gfc:valueType>
            <gco:TypeName>
              <gco:aName>
                <gco:CharacterString>Double</gco:CharacterString>
              </gco:aName>
            </gco:TypeName>
          </gfc:valueType>
        </gfc:FC_FeatureAttribute>
      </gfc:carrierOfCharacteristics>
      <gfc:carrierOfCharacteristics>
        <gfc:FC_FeatureAttribute>
          <gfc:memberName>
            <gco:LocalName>geo_id2</gco:LocalName>
          </gfc:memberName>
          <gfc:cardinality gco:nilReason="unknown"/>
          <gfc:valueType>
            <gco:TypeName>
              <gco:aName>
                <gco:CharacterString>String</gco:CharacterString>
              </gco:aName>
            </gco:TypeName>
          </gfc:valueType>
        </gfc:FC_FeatureAttribute>
      </gfc:carrierOfCharacteristics>
      <gfc:carrierOfCharacteristics>
        <gfc:FC_FeatureAttribute>
          <gfc:memberName>
            <gco:LocalName>pct_zvhhs</gco:LocalName>
          </gfc:memberName>
          <gfc:cardinality gco:nilReason="unknown"/>
          <gfc:valueType>
            <gco:TypeName>
              <gco:aName>
                <gco:CharacterString>Double</gco:CharacterString>
              </gco:aName>
            </gco:TypeName>
          </gfc:valueType>
        </gfc:FC_FeatureAttribute>
      </gfc:carrierOfCharacteristics>
      <gfc:carrierOfCharacteristics>
        <gfc:FC_FeatureAttribute>
          <gfc:memberName>
            <gco:LocalName>pct_disab</gco:LocalName>
          </gfc:memberName>
          <gfc:cardinality gco:nilReason="unknown"/>
          <gfc:valueType>
            <gco:TypeName>
              <gco:aName>
                <gco:CharacterString>Double</gco:CharacterString>
              </gco:aName>
            </gco:TypeName>
          </gfc:valueType>
        </gfc:FC_FeatureAttribute>
      </gfc:carrierOfCharacteristics>
      <gfc:carrierOfCharacteristics>
        <gfc:FC_FeatureAttribute>
          <gfc:memberName>
            <gco:LocalName>geo_name</gco:LocalName>
          </gfc:memberName>
          <gfc:cardinality gco:nilReason="unknown"/>
          <gfc:valueType>
            <gco:TypeName>
              <gco:aName>
                <gco:CharacterString>String</gco:CharacterString>
              </gco:aName>
            </gco:TypeName>
          </gfc:valueType>
        </gfc:FC_FeatureAttribute>
      </gfc:carrierOfCharacteristics>
      <gfc:carrierOfCharacteristics>
        <gfc:FC_FeatureAttribute>
          <gfc:memberName>
            <gco:LocalName>minority_7</gco:LocalName>
          </gfc:memberName>
          <gfc:cardinality gco:nilReason="unknown"/>
          <gfc:valueType>
            <gco:TypeName>
              <gco:aName>
                <gco:CharacterString>Double</gco:CharacterString>
              </gco:aName>
            </gco:TypeName>
          </gfc:valueType>
        </gfc:FC_FeatureAttribute>
      </gfc:carrierOfCharacteristics>
      <gfc:carrierOfCharacteristics>
        <gfc:FC_FeatureAttribute>
          <gfc:memberName>
            <gco:LocalName>pct_below2</gco:LocalName>
          </gfc:memberName>
          <gfc:cardinality gco:nilReason="unknown"/>
          <gfc:valueType>
            <gco:TypeName>
              <gco:aName>
                <gco:CharacterString>Double</gco:CharacterString>
              </gco:aName>
            </gco:TypeName>
          </gfc:valueType>
        </gfc:FC_FeatureAttribute>
      </gfc:carrierOfCharacteristics>
      <gfc:carrierOfCharacteristics>
        <gfc:FC_FeatureAttribute>
          <gfc:memberName>
            <gco:LocalName>pct_lep</gco:LocalName>
          </gfc:memberName>
          <gfc:cardinality gco:nilReason="unknown"/>
          <gfc:valueType>
            <gco:TypeName>
              <gco:aName>
                <gco:CharacterString>Double</gco:CharacterString>
              </gco:aName>
            </gco:TypeName>
          </gfc:valueType>
        </gfc:FC_FeatureAttribute>
      </gfc:carrierOfCharacteristics>
      <gfc:carrierOfCharacteristics>
        <gfc:FC_FeatureAttribute>
          <gfc:memberName>
            <gco:LocalName>cocflag</gco:LocalName>
          </gfc:memberName>
          <gfc:cardinality gco:nilReason="unknown"/>
          <gfc:valueType>
            <gco:TypeName>
              <gco:aName>
                <gco:CharacterString>Double</gco:CharacterString>
              </gco:aName>
            </gco:TypeName>
          </gfc:valueType>
        </gfc:FC_FeatureAttribute>
      </gfc:carrierOfCharacteristics>
      <gfc:carrierOfCharacteristics>
        <gfc:FC_FeatureAttribute>
          <gfc:memberName>
            <gco:LocalName>pctdisbl_2</gco:LocalName>
          </gfc:memberName>
          <gfc:cardinality gco:nilReason="unknown"/>
          <gfc:valueType>
            <gco:TypeName>
              <gco:aName>
                <gco:CharacterString>Double</gco:CharacterString>
              </gco:aName>
            </gco:TypeName>
          </gfc:valueType>
        </gfc:FC_FeatureAttribute>
      </gfc:carrierOfCharacteristics>
      <gfc:carrierOfCharacteristics>
        <gfc:FC_FeatureAttribute>
          <gfc:memberName>
            <gco:LocalName>sumall_8</gco:LocalName>
          </gfc:memberName>
          <gfc:cardinality gco:nilReason="unknown"/>
          <gfc:valueType>
            <gco:TypeName>
              <gco:aName>
                <gco:CharacterString>Double</gco:CharacterString>
              </gco:aName>
            </gco:TypeName>
          </gfc:valueType>
        </gfc:FC_FeatureAttribute>
      </gfc:carrierOfCharacteristics>
      <gfc:carrierOfCharacteristics>
        <gfc:FC_FeatureAttribute>
          <gfc:memberName>
            <gco:LocalName>lowinc_30</gco:LocalName>
          </gfc:memberName>
          <gfc:cardinality gco:nilReason="unknown"/>
          <gfc:valueType>
            <gco:TypeName>
              <gco:aName>
                <gco:CharacterString>Double</gco:CharacterString>
              </gco:aName>
            </gco:TypeName>
          </gfc:valueType>
        </gfc:FC_FeatureAttribute>
      </gfc:carrierOfCharacteristics>
      <gfc:carrierOfCharacteristics>
        <gfc:FC_FeatureAttribute>
          <gfc:memberName>
            <gco:LocalName>over75_10</gco:LocalName>
          </gfc:memberName>
          <gfc:cardinality gco:nilReason="unknown"/>
          <gfc:valueType>
            <gco:TypeName>
              <gco:aName>
                <gco:CharacterString>Double</gco:CharacterString>
              </gco:aName>
            </gco:TypeName>
          </gfc:valueType>
        </gfc:FC_FeatureAttribute>
      </gfc:carrierOfCharacteristics>
      <gfc:carrierOfCharacteristics>
        <gfc:FC_FeatureAttribute>
          <gfc:memberName>
            <gco:LocalName>pct_spfami</gco:LocalName>
          </gfc:memberName>
          <gfc:cardinality gco:nilReason="unknown"/>
          <gfc:valueType>
            <gco:TypeName>
              <gco:aName>
                <gco:CharacterString>Double</gco:CharacterString>
              </gco:aName>
            </gco:TypeName>
          </gfc:valueType>
        </gfc:FC_FeatureAttribute>
      </gfc:carrierOfCharacteristics>
      <gfc:carrierOfCharacteristics>
        <gfc:FC_FeatureAttribute>
          <gfc:memberName>
            <gco:LocalName>totpop</gco:LocalName>
          </gfc:memberName>
          <gfc:cardinality gco:nilReason="unknown"/>
          <gfc:valueType>
            <gco:TypeName>
              <gco:aName>
                <gco:CharacterString>Double</gco:CharacterString>
              </gco:aName>
            </gco:TypeName>
          </gfc:valueType>
        </gfc:FC_FeatureAttribute>
      </gfc:carrierOfCharacteristics>
      <gfc:carrierOfCharacteristics>
        <gfc:FC_FeatureAttribute>
          <gfc:memberName>
            <gco:LocalName>pcthus_ren</gco:LocalName>
          </gfc:memberName>
          <gfc:cardinality gco:nilReason="unknown"/>
          <gfc:valueType>
            <gco:TypeName>
              <gco:aName>
                <gco:CharacterString>Double</gco:CharacterString>
              </gco:aName>
            </gco:TypeName>
          </gfc:valueType>
        </gfc:FC_FeatureAttribute>
      </gfc:carrierOfCharacteristics>
      <gfc:carrierOfCharacteristics>
        <gfc:FC_FeatureAttribute>
          <gfc:memberName>
            <gco:LocalName>geo_id</gco:LocalName>
          </gfc:memberName>
          <gfc:cardinality gco:nilReason="unknown"/>
          <gfc:valueType>
            <gco:TypeName>
              <gco:aName>
                <gco:CharacterString>String</gco:CharacterString>
              </gco:aName>
            </gco:TypeName>
          </gfc:valueType>
        </gfc:FC_FeatureAttribute>
      </gfc:carrierOfCharacteristics>
      <gfc:carrierOfCharacteristics>
        <gfc:FC_FeatureAttribute>
          <gfc:memberName>
            <gco:LocalName>pct_over75</gco:LocalName>
          </gfc:memberName>
          <gfc:cardinality gco:nilReason="unknown"/>
          <gfc:valueType>
            <gco:TypeName>
              <gco:aName>
                <gco:CharacterString>Double</gco:CharacterString>
              </gco:aName>
            </gco:TypeName>
          </gfc:valueType>
        </gfc:FC_FeatureAttribute>
      </gfc:carrierOfCharacteristics>
      <gfc:carrierOfCharacteristics>
        <gfc:FC_FeatureAttribute>
          <gfc:memberName>
            <gco:LocalName>pct_minori</gco:LocalName>
          </gfc:memberName>
          <gfc:cardinality gco:nilReason="unknown"/>
          <gfc:valueType>
            <gco:TypeName>
              <gco:aName>
                <gco:CharacterString>Double</gco:CharacterString>
              </gco:aName>
            </gco:TypeName>
          </gfc:valueType>
        </gfc:FC_FeatureAttribute>
      </gfc:carrierOfCharacteristics>
      <gfc:carrierOfCharacteristics>
        <gfc:FC_FeatureAttribute>
          <gfc:memberName>
            <gco:LocalName>zvhh_10</gco:LocalName>
          </gfc:memberName>
          <gfc:cardinality gco:nilReason="unknown"/>
          <gfc:valueType>
            <gco:TypeName>
              <gco:aName>
                <gco:CharacterString>Double</gco:CharacterString>
              </gco:aName>
            </gco:TypeName>
          </gfc:valueType>
        </gfc:FC_FeatureAttribute>
      </gfc:carrierOfCharacteristics>
      <gfc:carrierOfCharacteristics>
        <gfc:FC_FeatureAttribute>
          <gfc:memberName>
            <gco:LocalName>ShapeSTAre</gco:LocalName>
          </gfc:memberName>
          <gfc:cardinality gco:nilReason="unknown"/>
          <gfc:valueType>
            <gco:TypeName>
              <gco:aName>
                <gco:CharacterString>Double</gco:CharacterString>
              </gco:aName>
            </gco:TypeName>
          </gfc:valueType>
        </gfc:FC_FeatureAttribute>
      </gfc:carrierOfCharacteristics>
      <gfc:carrierOfCharacteristics>
        <gfc:FC_FeatureAttribute>
          <gfc:memberName>
            <gco:LocalName>ShapeSTLen</gco:LocalName>
          </gfc:memberName>
          <gfc:cardinality gco:nilReason="unknown"/>
          <gfc:valueType>
            <gco:TypeName>
              <gco:aName>
                <gco:CharacterString>Double</gco:CharacterString>
              </gco:aName>
            </gco:TypeName>
          </gfc:valueType>
        </gfc:FC_FeatureAttribute>
      </gfc:carrierOfCharacteristics>
    </gfc:FC_FeatureType>
  </gfc:featureType>
</gfc:FC_FeatureCatalogue>
