zone_id,access_node_id,distance,geometry
1010.0,1000028.0,1596.8814362489468,"LINESTRING (-121.89061827 37.39547565, -121.890803 37.409836)"
1011.0,1000009.0,1401.883379055692,"LINESTRING (-121.88591445 37.37738139, -121.874661 37.368495)"
1015.0,1000009.0,1598.0045793644226,"LINESTRING (-121.87767123 37.38266571, -121.874661 37.368495)"
1017.0,1000009.0,791.7873718934007,"LINESTRING (-121.86844679 37.37362483, -121.874661 37.368495)"
1018.0,1000028.0,1803.7266983080763,"LINESTRING (-121.87248318 37.40266936, -121.890803 37.409836)"
1020.0,1000028.0,940.4032486104732,"LINESTRING (-121.88017485 37.40932965, -121.890803 37.409836)"
1026.0,1000028.0,1651.2837628785776,"LINESTRING (-121.87767686 37.42041154, -121.890803 37.409836)"
1032.0,1000028.0,1443.5277993138352,"LINESTRING (-121.89774763 37.42158792, -121.890803 37.409836)"
1033.0,1000028.0,1129.201500364556,"LINESTRING (-121.90355415 37.40909963, -121.890803 37.409836)"
2.0,1000006.0,1743.4582707119853,"LINESTRING (-122.25090539 37.84812661, -122.26975 37.853069)"
2.0,1000040.0,371.8464883622481,"LINESTRING (-122.25090539 37.84812661, -122.251271 37.844795)"
3.0,1000006.0,1841.8997181271102,"LINESTRING (-122.25591954 37.84061461, -122.26975 37.853069)"
3.0,1000026.0,1642.1763142518298,"LINESTRING (-122.25591954 37.84061461, -122.267163 37.828814)"
3.0,1000040.0,618.6224597568267,"LINESTRING (-122.25591954 37.84061461, -122.251271 37.844795)"
4.0,1000006.0,1076.5327177882048,"LINESTRING (-122.25913059 37.84822965, -122.26975 37.853069)"
4.0,1000040.0,788.7475241034118,"LINESTRING (-122.25913059 37.84822965, -122.251271 37.844795)"
5.0,1000006.0,573.799345734268,"LINESTRING (-122.26640454 37.8486361, -122.26975 37.853069)"
5.0,1000040.0,1395.7649519700783,"LINESTRING (-122.26640454 37.8486361, -122.251271 37.844795)"
6.0,1000006.0,1261.3689010666646,"LINESTRING (-122.26645114 37.84202838, -122.26975 37.853069)"
6.0,1000026.0,1470.7012712026378,"LINESTRING (-122.26645114 37.84202838, -122.267163 37.828814)"
6.0,1000040.0,1368.0004087408831,"LINESTRING (-122.26645114 37.84202838, -122.251271 37.844795)"
7.0,1000006.0,1288.189288869644,"LINESTRING (-122.27378099 37.8419299, -122.26975 37.853069)"
7.0,1000026.0,1569.9588368390782,"LINESTRING (-122.27378099 37.8419299, -122.267163 37.828814)"
8.0,1000006.0,1567.1130034726436,"LINESTRING (-122.28479137 37.84548227, -122.26975 37.853069)"
9.0,1000006.0,1831.806365132129,"LINESTRING (-122.2816373 37.83953117, -122.26975 37.853069)"
9.0,1000026.0,1742.393976847533,"LINESTRING (-122.2816373 37.83953117, -122.267163 37.828814)"
10.0,1000026.0,630.9099935983379,"LINESTRING (-122.27359312 37.83134379, -122.267163 37.828814)"
11.0,1000026.0,246.7549505622446,"LINESTRING (-122.26549055 37.83059713, -122.267163 37.828814)"
12.0,1000026.0,705.7113957552777,"LINESTRING (-122.25952657 37.83078889, -122.267163 37.828814)"
12.0,1000040.0,1717.8786500514564,"LINESTRING (-122.25952657 37.83078889, -122.251271 37.844795)"
13.0,1000001.0,1662.4235983122283,"LINESTRING (-122.26830793 37.8181951, -122.271589 37.803471)"
13.0,1000003.0,1127.5585571047668,"LINESTRING (-122.26830793 37.8181951, -122.268722 37.80806)"
13.0,1000026.0,1185.0424116337329,"LINESTRING (-122.26830793 37.8181951, -122.267163 37.828814)"
14.0,1000001.0,1955.0635904738806,"LINESTRING (-122.27485563 37.82086288, -122.271589 37.803471)"
14.0,1000003.0,1522.1658651920495,"LINESTRING (-122.27485563 37.82086288, -122.268722 37.80806)"
14.0,1000026.0,1112.7387048117007,"LINESTRING (-122.27485563 37.82086288, -122.267163 37.828814)"
15.0,1000026.0,1457.8398219834505,"LINESTRING (-122.28207954 37.82306348, -122.267163 37.828814)"
16.0,1000001.0,1844.6518224328245,"LINESTRING (-122.28291986 37.81743777, -122.271589 37.803471)"
16.0,1000003.0,1625.7066937619654,"LINESTRING (-122.28291986 37.81743777, -122.268722 37.80806)"
16.0,1000026.0,1874.9886434550995,"LINESTRING (-122.28291986 37.81743777, -122.267163 37.828814)"
16.0,1000050.0,1757.7482036113677,"LINESTRING (-122.28291986 37.81743777, -122.295144 37.804923)"
17.0,1000050.0,1870.600219971696,"LINESTRING (-122.30489405 37.81987864, -122.295144 37.804923)"
18.0,1000050.0,648.1918769047883,"LINESTRING (-122.29953706 37.8096064, -122.295144 37.804923)"
19.0,1000050.0,1733.0819848550302,"LINESTRING (-122.31471998 37.80300268, -122.295144 37.804923)"
20.0,1000050.0,810.0981161122504,"LINESTRING (-122.29364689 37.79773429, -122.295144 37.804923)"
21.0,1000001.0,1794.5159570099888,"LINESTRING (-122.29159474 37.80672728, -122.271589 37.803471)"
21.0,1000050.0,370.78486369281967,"LINESTRING (-122.29159474 37.80672728, -122.295144 37.804923)"
22.0,1000050.0,508.41736662577233,"LINESTRING (-122.2952465 37.80949459, -122.295144 37.804923)"
23.0,1000001.0,1890.7211088877723,"LINESTRING (-122.28961932 37.81275536, -122.271589 37.803471)"
23.0,1000003.0,1908.6042965275767,"LINESTRING (-122.28961932 37.81275536, -122.268722 37.80806)"
23.0,1000050.0,997.0261589563974,"LINESTRING (-122.28961932 37.81275536, -122.295144 37.804923)"
24.0,1000001.0,1459.3116357185713,"LINESTRING (-122.28391223 37.81227116, -122.271589 37.803471)"
24.0,1000003.0,1414.220657503312,"LINESTRING (-122.28391223 37.81227116, -122.268722 37.80806)"
24.0,1000050.0,1281.1078891894297,"LINESTRING (-122.28391223 37.81227116, -122.295144 37.804923)"
25.0,1000001.0,1312.8384050910558,"LINESTRING (-122.28616396 37.80607573, -122.271589 37.803471)"
25.0,1000003.0,1548.12900963326,"LINESTRING (-122.28616396 37.80607573, -122.268722 37.80806)"
25.0,1000050.0,799.2832084318221,"LINESTRING (-122.28616396 37.80607573, -122.295144 37.804923)"
26.0,1000001.0,873.8876435629417,"LINESTRING (-122.28142819 37.80462375, -122.271589 37.803471)"
26.0,1000003.0,1179.8682342315008,"LINESTRING (-122.28142819 37.80462375, -122.268722 37.80806)"
26.0,1000025.0,1636.4073723105275,"LINESTRING (-122.28142819 37.80462375, -122.265232 37.797357)"
26.0,1000050.0,1205.4693776536074,"LINESTRING (-122.28142819 37.80462375, -122.295144 37.804923)"
27.0,1000001.0,998.9730840640258,"LINESTRING (-122.27857187 37.81056144, -122.271589 37.803471)"
27.0,1000003.0,908.9179615909615,"LINESTRING (-122.27857187 37.81056144, -122.268722 37.80806)"
27.0,1000025.0,1878.6639932246608,"LINESTRING (-122.27857187 37.81056144, -122.265232 37.797357)"
27.0,1000050.0,1585.1551097686252,"LINESTRING (-122.27857187 37.81056144, -122.295144 37.804923)"
28.0,1000001.0,628.8531018466772,"LINESTRING (-122.27315527 37.80898936, -122.271589 37.803471)"
28.0,1000003.0,402.9443941169912,"LINESTRING (-122.27315527 37.80898936, -122.268722 37.80806)"
28.0,1000025.0,1468.8832451045005,"LINESTRING (-122.27315527 37.80898936, -122.265232 37.797357)"
28.0,1000050.0,1983.9862817647272,"LINESTRING (-122.27315527 37.80898936, -122.295144 37.804923)"
29.0,1000001.0,518.6787148990738,"LINESTRING (-122.26843408 37.8074137, -122.271589 37.803471)"
29.0,1000003.0,76.18676409402913,"LINESTRING (-122.26843408 37.8074137, -122.268722 37.80806)"
29.0,1000025.0,1153.0994720040744,"LINESTRING (-122.26843408 37.8074137, -122.265232 37.797357)"
30.0,1000001.0,292.4810610205639,"LINESTRING (-122.27217763 37.8008821, -122.271589 37.803471)"
30.0,1000003.0,853.9371127215963,"LINESTRING (-122.27217763 37.8008821, -122.268722 37.80806)"
30.0,1000025.0,725.2991745818571,"LINESTRING (-122.27217763 37.8008821, -122.265232 37.797357)"
31.0,1000001.0,478.73874863923197,"LINESTRING (-122.27696879 37.8027868, -122.271589 37.803471)"
31.0,1000003.0,932.0617063403104,"LINESTRING (-122.27696879 37.8027868, -122.268722 37.80806)"
31.0,1000025.0,1194.957377345382,"LINESTRING (-122.27696879 37.8027868, -122.265232 37.797357)"
31.0,1000050.0,1614.3835476902623,"LINESTRING (-122.27696879 37.8027868, -122.295144 37.804923)"
32.0,1000001.0,925.8266803253413,"LINESTRING (-122.27764543 37.7966575, -122.271589 37.803471)"
32.0,1000003.0,1490.7127200474472,"LINESTRING (-122.27764543 37.7966575, -122.268722 37.80806)"
32.0,1000025.0,1093.4732573726733,"LINESTRING (-122.27764543 37.7966575, -122.265232 37.797357)"
32.0,1000050.0,1791.2007940795243,"LINESTRING (-122.27764543 37.7966575, -122.295144 37.804923)"
33.0,1000001.0,960.8170825767762,"LINESTRING (-122.26757753 37.79543253, -122.271589 37.803471)"
33.0,1000003.0,1407.706402419928,"LINESTRING (-122.26757753 37.79543253, -122.268722 37.80806)"
33.0,1000025.0,297.0957113774025,"LINESTRING (-122.26757753 37.79543253, -122.265232 37.797357)"
34.0,1000001.0,978.958431670874,"LINESTRING (-122.26060231 37.80493923, -122.271589 37.803471)"
34.0,1000003.0,793.2698374865221,"LINESTRING (-122.26060231 37.80493923, -122.268722 37.80806)"
34.0,1000025.0,936.1003108159541,"LINESTRING (-122.26060231 37.80493923, -122.265232 37.797357)"
35.0,1000001.0,1803.6483168466902,"LINESTRING (-122.26115375 37.81744023, -122.271589 37.803471)"
35.0,1000003.0,1236.904757636771,"LINESTRING (-122.26115375 37.81744023, -122.268722 37.80806)"
35.0,1000026.0,1370.4263740133686,"LINESTRING (-122.26115375 37.81744023, -122.267163 37.828814)"
36.0,1000001.0,1849.1461287690333,"LINESTRING (-122.25512074 37.81382785, -122.271589 37.803471)"
36.0,1000003.0,1356.0954405028062,"LINESTRING (-122.25512074 37.81382785, -122.268722 37.80806)"
36.0,1000026.0,1973.7410813989045,"LINESTRING (-122.25512074 37.81382785, -122.267163 37.828814)"
37.0,1000001.0,1535.9953078037483,"LINESTRING (-122.25662045 37.81060902, -122.271589 37.803471)"
37.0,1000003.0,1100.257680759196,"LINESTRING (-122.25662045 37.81060902, -122.268722 37.80806)"
37.0,1000025.0,1656.437601332976,"LINESTRING (-122.25662045 37.81060902, -122.265232 37.797357)"
39.0,1000003.0,1926.3454056434714,"LINESTRING (-122.25030307 37.81746118, -122.268722 37.80806)"
39.0,1000026.0,1945.9108799271057,"LINESTRING (-122.25030307 37.81746118, -122.267163 37.828814)"
40.0,1000026.0,1190.7980077100772,"LINESTRING (-122.25542068 37.82346051, -122.267163 37.828814)"
41.0,1000026.0,1351.6279056477986,"LINESTRING (-122.25177534 37.82901158, -122.267163 37.828814)"
41.0,1000040.0,1755.5949847359484,"LINESTRING (-122.25177534 37.82901158, -122.251271 37.844795)"
42.0,1000040.0,1674.4048472205268,"LINESTRING (-122.23582803 37.83596224, -122.251271 37.844795)"
43.0,1000040.0,1024.7008992269868,"LINESTRING (-122.23961338 37.84521651, -122.251271 37.844795)"
53.0,1000025.0,1998.0650631205824,"LINESTRING (-122.24481654 37.80527369, -122.265232 37.797357)"
54.0,1000001.0,1535.076362151801,"LINESTRING (-122.25448966 37.80063461, -122.271589 37.803471)"
54.0,1000003.0,1498.4048815925478,"LINESTRING (-122.25448966 37.80063461, -122.268722 37.80806)"
54.0,1000025.0,1011.7685092419566,"LINESTRING (-122.25448966 37.80063461, -122.265232 37.797357)"
55.0,1000025.0,1428.5553229446632,"LINESTRING (-122.24924478 37.79502039, -122.265232 37.797357)"
56.0,1000025.0,1829.511836183416,"LINESTRING (-122.24443634 37.79818613, -122.265232 37.797357)"
61.0,1000025.0,1716.6502573505272,"LINESTRING (-122.2507059 37.78703378, -122.265232 37.797357)"
62.0,1000021.0,435.42663288623027,"LINESTRING (-122.22871865 37.77352569, -122.224067 37.774873)"
63.0,1000021.0,1293.2138831833574,"LINESTRING (-122.23176051 37.78478689, -122.224067 37.774873)"
64.0,1000021.0,822.8845637607749,"LINESTRING (-122.22759345 37.78172842, -122.224067 37.774873)"
65.0,1000021.0,1581.898634828107,"LINESTRING (-122.22612431 37.78900613, -122.224067 37.774873)"
67.0,1000021.0,1528.1813959543738,"LINESTRING (-122.21810677 37.78778372, -122.224067 37.774873)"
73.0,1000021.0,1215.6246641635503,"LINESTRING (-122.21290042 37.78132432, -122.224067 37.774873)"
74.0,1000021.0,434.339780765969,"LINESTRING (-122.22040847 37.77749894, -122.224067 37.774873)"
75.0,1000013.0,1758.9784396900125,"LINESTRING (-122.2128096 37.76298398, -122.196698 37.753604)"
75.0,1000021.0,1651.302679403391,"LINESTRING (-122.2128096 37.76298398, -122.224067 37.774873)"
76.0,1000021.0,1504.5710197431408,"LINESTRING (-122.20781337 37.77062745, -122.224067 37.774873)"
77.0,1000013.0,1732.8760526898338,"LINESTRING (-122.19867155 37.76910983, -122.196698 37.753604)"
78.0,1000021.0,1754.5515617428869,"LINESTRING (-122.2043272 37.7772265, -122.224067 37.774873)"
87.0,1000013.0,1658.5225196915137,"LINESTRING (-122.17961783 37.75993772, -122.196698 37.753604)"
88.0,1000013.0,1789.9769427314986,"LINESTRING (-122.18339665 37.76579215, -122.196698 37.753604)"
89.0,1000013.0,1749.0799657282419,"LINESTRING (-122.19010155 37.76844423, -122.196698 37.753604)"
90.0,1000013.0,540.7422575240843,"LINESTRING (-122.19809734 37.75833949, -122.196698 37.753604)"
91.0,1000013.0,595.9444561150036,"LINESTRING (-122.18991971 37.75364992, -122.196698 37.753604)"
92.0,1000032.0,1684.966217335053,"LINESTRING (-122.21197891 37.72840789, -122.212237 37.713256)"
94.0,1000041.0,1764.9383782617836,"LINESTRING (-122.17888617 37.72853794, -122.160713 37.721806)"
96.0,1000013.0,1722.7003259992625,"LINESTRING (-122.181411 37.74391307, -122.196698 37.753604)"
97.0,1000013.0,1112.927924321394,"LINESTRING (-122.18498925 37.74980009, -122.196698 37.753604)"
107.0,1000037.0,1065.848451443187,"LINESTRING (-122.29205551 37.89471138, -122.298895 37.902633)"
108.0,1000037.0,908.4144073055618,"LINESTRING (-122.29835508 37.89447455, -122.298895 37.902633)"
109.0,1000037.0,1306.08220042073,"LINESTRING (-122.30669302 37.89262799, -122.298895 37.902633)"
111.0,1000030.0,1774.499145477013,"LINESTRING (-122.29611157 37.88651041, -122.283508 37.874032)"
111.0,1000037.0,1809.3113451270071,"LINESTRING (-122.29611157 37.88651041, -122.298895 37.902633)"
112.0,1000030.0,1499.4800807525974,"LINESTRING (-122.28846379 37.88693738, -122.283508 37.874032)"
112.0,1000037.0,1970.7340178903478,"LINESTRING (-122.28846379 37.88693738, -122.298895 37.902633)"
115.0,1000030.0,1902.468467295572,"LINESTRING (-122.28274542 37.89113072, -122.283508 37.874032)"
115.0,1000037.0,1908.8961309199492,"LINESTRING (-122.28274542 37.89113072, -122.298895 37.902633)"
116.0,1000030.0,1861.286445526598,"LINESTRING (-122.27255081 37.88836373, -122.283508 37.874032)"
118.0,1000016.0,1824.1339667972252,"LINESTRING (-122.2569745 37.88398441, -122.268078 37.870117)"
119.0,1000016.0,1347.5216473988035,"LINESTRING (-122.27164948 37.88190309, -122.268078 37.870117)"
119.0,1000030.0,1359.8863930715602,"LINESTRING (-122.27164948 37.88190309, -122.283508 37.874032)"
120.0,1000016.0,1513.6063320572973,"LINESTRING (-122.27955946 37.88027356, -122.268078 37.870117)"
120.0,1000030.0,775.7459811495626,"LINESTRING (-122.27955946 37.88027356, -122.283508 37.874032)"
121.0,1000030.0,874.5555894064921,"LINESTRING (-122.29088514 37.87931893, -122.283508 37.874032)"
122.0,1000030.0,1979.830577703017,"LINESTRING (-122.30327618 37.86545888, -122.283508 37.874032)"
123.0,1000030.0,1265.1220843540343,"LINESTRING (-122.29789085 37.87329066, -122.283508 37.874032)"
124.0,1000016.0,1874.146967407751,"LINESTRING (-122.28916224 37.87277508, -122.268078 37.870117)"
124.0,1000030.0,515.5985318530413,"LINESTRING (-122.28916224 37.87277508, -122.283508 37.874032)"
125.0,1000016.0,1072.014167811696,"LINESTRING (-122.2793036 37.8739148, -122.268078 37.870117)"
125.0,1000030.0,369.2635324575606,"LINESTRING (-122.2793036 37.8739148, -122.283508 37.874032)"
126.0,1000016.0,618.8471288572612,"LINESTRING (-122.27109443 37.87514734, -122.268078 37.870117)"
126.0,1000030.0,1096.6047973591078,"LINESTRING (-122.27109443 37.87514734, -122.283508 37.874032)"
127.0,1000016.0,966.6220483401893,"LINESTRING (-122.26177635 37.87724618, -122.268078 37.870117)"
127.0,1000030.0,1940.6076040600333,"LINESTRING (-122.26177635 37.87724618, -122.283508 37.874032)"
128.0,1000016.0,1179.610086351507,"LINESTRING (-122.25548146 37.87381383, -122.268078 37.870117)"
129.0,1000016.0,1552.5971020424222,"LINESTRING (-122.25062011 37.86787424, -122.268078 37.870117)"
130.0,1000006.0,1695.1787091547965,"LINESTRING (-122.26152339 37.86686132, -122.26975 37.853069)"
130.0,1000016.0,679.7764428486228,"LINESTRING (-122.26152339 37.86686132, -122.268078 37.870117)"
131.0,1000006.0,1645.6526764350783,"LINESTRING (-122.27070081 37.86784966, -122.26975 37.853069)"
131.0,1000016.0,341.4201698457061,"LINESTRING (-122.27070081 37.86784966, -122.268078 37.870117)"
131.0,1000030.0,1317.7053247665917,"LINESTRING (-122.27070081 37.86784966, -122.283508 37.874032)"
132.0,1000006.0,1704.0519844943474,"LINESTRING (-122.2784838 37.86675496, -122.26975 37.853069)"
132.0,1000016.0,986.9606495408499,"LINESTRING (-122.2784838 37.86675496, -122.268078 37.870117)"
132.0,1000030.0,921.5459833981218,"LINESTRING (-122.2784838 37.86675496, -122.283508 37.874032)"
133.0,1000016.0,1784.2256556942978,"LINESTRING (-122.28762678 37.8657222, -122.268078 37.870117)"
133.0,1000030.0,992.219786607952,"LINESTRING (-122.28762678 37.8657222, -122.283508 37.874032)"
134.0,1000030.0,1467.2148417619549,"LINESTRING (-122.29501157 37.86445904, -122.283508 37.874032)"
135.0,1000006.0,1462.1840112824286,"LINESTRING (-122.28552515 37.85728518, -122.26975 37.853069)"
135.0,1000030.0,1870.5612843025292,"LINESTRING (-122.28552515 37.85728518, -122.283508 37.874032)"
136.0,1000006.0,889.8939054999107,"LINESTRING (-122.27731876 37.85839214, -122.26975 37.853069)"
136.0,1000016.0,1535.5105572055081,"LINESTRING (-122.27731876 37.85839214, -122.268078 37.870117)"
136.0,1000030.0,1821.9651624252415,"LINESTRING (-122.27731876 37.85839214, -122.283508 37.874032)"
137.0,1000006.0,697.1691170409218,"LINESTRING (-122.26957908 37.85933734, -122.26975 37.853069)"
137.0,1000016.0,1205.8647785358016,"LINESTRING (-122.26957908 37.85933734, -122.268078 37.870117)"
138.0,1000006.0,1054.996421298083,"LINESTRING (-122.26036061 37.8589901, -122.26975 37.853069)"
138.0,1000016.0,1410.5885906887609,"LINESTRING (-122.26036061 37.8589901, -122.268078 37.870117)"
138.0,1000040.0,1768.706845028845,"LINESTRING (-122.26036061 37.8589901, -122.251271 37.844795)"
139.0,1000006.0,1375.469814047878,"LINESTRING (-122.26085268 37.86325073, -122.26975 37.853069)"
139.0,1000016.0,992.5720252158442,"LINESTRING (-122.26085268 37.86325073, -122.268078 37.870117)"
140.0,1000006.0,1977.627477088956,"LINESTRING (-122.25015266 37.86183851, -122.26975 37.853069)"
140.0,1000016.0,1823.0138105246633,"LINESTRING (-122.25015266 37.86183851, -122.268078 37.870117)"
140.0,1000040.0,1897.6936919819018,"LINESTRING (-122.25015266 37.86183851, -122.251271 37.844795)"
141.0,1000040.0,1213.646304689722,"LINESTRING (-122.24551818 37.85471938, -122.251271 37.844795)"
142.0,1000006.0,93.19767020239063,"LINESTRING (-122.26896825 37.85250201, -122.26975 37.853069)"
142.0,1000016.0,1960.2560920515516,"LINESTRING (-122.26896825 37.85250201, -122.268078 37.870117)"
142.0,1000040.0,1774.5282946878717,"LINESTRING (-122.26896825 37.85250201, -122.251271 37.844795)"
143.0,1000006.0,969.8537233652962,"LINESTRING (-122.25891021 37.85474859, -122.26975 37.853069)"
143.0,1000016.0,1888.921572235268,"LINESTRING (-122.25891021 37.85474859, -122.268078 37.870117)"
143.0,1000040.0,1294.1678891761226,"LINESTRING (-122.25891021 37.85474859, -122.251271 37.844795)"
144.0,1000006.0,628.3898786629608,"LINESTRING (-122.27609877 37.85046008, -122.26975 37.853069)"
145.0,1000006.0,1195.5639013453558,"LINESTRING (-122.28297908 37.850521, -122.26975 37.853069)"
149.0,1000021.0,1395.238469291094,"LINESTRING (-122.23297017 37.76448483, -122.224067 37.774873)"
151.0,1000025.0,1923.1647795057631,"LINESTRING (-122.26921327 37.78035015, -122.265232 37.797357)"
170.0,1000008.0,1700.476417637549,"LINESTRING (-122.11017893 37.7052156, -122.126431 37.696938)"
172.0,1000010.0,1800.367571165,"LINESTRING (-122.08313543 37.705834, -122.075615 37.690776)"
173.0,1000010.0,1243.9934277523691,"LINESTRING (-122.06588504 37.69889289, -122.075615 37.690776)"
174.0,1000010.0,1078.240914179783,"LINESTRING (-122.08376101 37.69802035, -122.075615 37.690776)"
175.0,1000010.0,398.16536633484895,"LINESTRING (-122.07942821 37.69270398, -122.075615 37.690776)"
176.0,1000010.0,707.6618836718355,"LINESTRING (-122.06847906 37.68784094, -122.075615 37.690776)"
177.0,1000010.0,944.1523483324627,"LINESTRING (-122.08392918 37.68540873, -122.075615 37.690776)"
177.0,1000023.0,1763.3196382886222,"LINESTRING (-122.08392918 37.68540873, -122.086941 37.669731)"
178.0,1000041.0,1890.0260510750472,"LINESTRING (-122.14756507 37.73525122, -122.160713 37.721806)"
179.0,1000041.0,1218.758885844821,"LINESTRING (-122.15722734 37.73241417, -122.160713 37.721806)"
180.0,1000041.0,1075.6658784417234,"LINESTRING (-122.16671892 37.73023301, -122.160713 37.721806)"
182.0,1000041.0,877.7751349269361,"LINESTRING (-122.16990649 37.71873486, -122.160713 37.721806)"
183.0,1000041.0,406.06051543988497,"LINESTRING (-122.15612001 37.72217594, -122.160713 37.721806)"
184.0,1000041.0,1573.4270478936892,"LINESTRING (-122.14386218 37.72655791, -122.160713 37.721806)"
187.0,1000041.0,1788.0175659520107,"LINESTRING (-122.144749 37.71185134, -122.160713 37.721806)"
188.0,1000008.0,874.7928015082002,"LINESTRING (-122.13433904 37.70170683, -122.126431 37.696938)"
189.0,1000008.0,1954.4980994248233,"LINESTRING (-122.14794408 37.70132152, -122.126431 37.696938)"
194.0,1000008.0,1478.1688370155048,"LINESTRING (-122.11464818 37.6874626, -122.126431 37.696938)"
195.0,1000008.0,249.22255822019685,"LINESTRING (-122.12438839 37.69849085, -122.126431 37.696938)"
196.0,1000008.0,1077.687884009655,"LINESTRING (-122.11442148 37.69884465, -122.126431 37.696938)"
197.0,1000008.0,1412.105055455609,"LINESTRING (-122.11150101 37.69227886, -122.126431 37.696938)"
201.0,1000010.0,1417.8064592144462,"LINESTRING (-122.06574558 37.6806975, -122.075615 37.690776)"
202.0,1000023.0,505.01139233057665,"LINESTRING (-122.08429658 37.67376159, -122.086941 37.669731)"
203.0,1000010.0,1993.380442759051,"LINESTRING (-122.09436094 37.6807115, -122.075615 37.690776)"
203.0,1000023.0,1384.6383955583885,"LINESTRING (-122.09436094 37.6807115, -122.086941 37.669731)"
204.0,1000023.0,1937.6794197717727,"LINESTRING (-122.10595167 37.67852043, -122.086941 37.669731)"
211.0,1000023.0,648.2447863755134,"LINESTRING (-122.09276994 37.66616761, -122.086941 37.669731)"
212.0,1000023.0,1827.2044688323751,"LINESTRING (-122.06629139 37.67142457, -122.086941 37.669731)"
214.0,1000023.0,1878.694545018965,"LINESTRING (-122.0707227 37.65874777, -122.086941 37.669731)"
215.0,1000023.0,1570.8961992758743,"LINESTRING (-122.07987489 37.65675815, -122.086941 37.669731)"
216.0,1000023.0,1996.705778168754,"LINESTRING (-122.08613761 37.65178546, -122.086941 37.669731)"
217.0,1000023.0,1530.0591478509464,"LINESTRING (-122.10138344 37.66207327, -122.086941 37.669731)"
218.0,1000023.0,1945.090233839501,"LINESTRING (-122.09537708 37.65356337, -122.086941 37.669731)"
227.0,1000044.0,1349.4640455472932,"LINESTRING (-122.07226717 37.63639237, -122.057158 37.634363)"
228.0,1000044.0,1478.7444244715932,"LINESTRING (-122.06969955 37.64320736, -122.057158 37.634363)"
229.0,1000044.0,1043.6906606992343,"LINESTRING (-122.0623624 37.64279596, -122.057158 37.634363)"
233.0,1000044.0,1821.1643802098115,"LINESTRING (-122.05898981 37.61804926, -122.057158 37.634363)"
237.0,1000046.0,1187.1696555572946,"LINESTRING (-122.02391265 37.60003597, -122.01723 37.590765)"
244.0,1000046.0,1053.8867713990605,"LINESTRING (-122.0289684 37.58894518, -122.01723 37.590765)"
245.0,1000046.0,402.89622423167873,"LINESTRING (-122.01547713 37.58741847, -122.01723 37.590765)"
261.0,1000020.0,1435.0772659587838,"LINESTRING (-121.99277282 37.5590276, -121.976605 37.557513)"
262.0,1000020.0,675.929282006726,"LINESTRING (-121.96895018 37.55787007, -121.976605 37.557513)"
263.0,1000020.0,1795.1717915982754,"LINESTRING (-121.96876546 37.542613, -121.976605 37.557513)"
264.0,1000020.0,1506.1174922340163,"LINESTRING (-121.97858477 37.54405941, -121.976605 37.557513)"
265.0,1000020.0,1114.748345841562,"LINESTRING (-121.98609875 37.55089054, -121.976605 37.557513)"
279.0,1000047.0,1118.7777060951282,"LINESTRING (-121.92841602 37.50739468, -121.939358 37.502307)"
290.0,1000018.0,1962.503069791979,"LINESTRING (-121.8913107 37.71818819, -121.899242 37.701692)"
292.0,1000018.0,1974.8234781303581,"LINESTRING (-121.91877101 37.71044978, -121.899242 37.701692)"
292.0,1000049.0,1454.574487863358,"LINESTRING (-121.91877101 37.71044978, -121.928301 37.69976)"
293.0,1000049.0,1506.40244886305,"LINESTRING (-121.93375361 37.71260222, -121.928301 37.69976)"
297.0,1000018.0,1827.0220734073093,"LINESTRING (-121.91186866 37.68864792, -121.899242 37.701692)"
297.0,1000049.0,1901.88110122495,"LINESTRING (-121.91186866 37.68864792, -121.928301 37.69976)"
305.0,1000018.0,1620.465980698929,"LINESTRING (-121.88339476 37.69426567, -121.899242 37.701692)"
330.0,1000005.0,1759.5647302709197,"LINESTRING (-121.79395053 38.00705958, -121.780353 37.995415)"
331.0,1000005.0,1764.2350992501983,"LINESTRING (-121.76908454 38.00856378, -121.780353 37.995415)"
338.0,1000005.0,1559.9252461039498,"LINESTRING (-121.79759119 37.99191471, -121.780353 37.995415)"
339.0,1000005.0,1336.798630715082,"LINESTRING (-121.76786882 37.98850628, -121.780353 37.995415)"
341.0,1000034.0,1133.4322687264662,"LINESTRING (-121.8924784 38.02669339, -121.889011 38.016873)"
342.0,1000034.0,704.561602868141,"LINESTRING (-121.89436127 38.02160401, -121.889011 38.016873)"
343.0,1000034.0,1656.9274807701677,"LINESTRING (-121.8702047 38.01528563, -121.889011 38.016873)"
344.0,1000034.0,1239.7657683094085,"LINESTRING (-121.88374505 38.00652423, -121.889011 38.016873)"
347.0,1000034.0,1713.2504325051814,"LINESTRING (-121.90845581 38.01522614, -121.889011 38.016873)"
351.0,1000036.0,488.68293076852007,"LINESTRING (-121.94520823 38.02327924, -121.944248 38.01895)"
366.0,1000035.0,1917.0015430513715,"LINESTRING (-122.05997024 37.94541844, -122.056015 37.928463)"
367.0,1000035.0,1878.1348079188176,"LINESTRING (-122.0756447 37.93521367, -122.056015 37.928463)"
370.0,1000014.0,905.6163408082022,"LINESTRING (-122.03925461 37.97538034, -122.029126 37.973773)"
371.0,1000031.0,1399.6057219870825,"LINESTRING (-122.03546964 37.99421267, -122.024561 38.003407)"
372.0,1000014.0,1641.5846482912116,"LINESTRING (-122.02791353 37.98850516, -122.029126 37.973773)"
372.0,1000031.0,1682.8494161390995,"LINESTRING (-122.02791353 37.98850516, -122.024561 38.003407)"
373.0,1000014.0,1375.0484942882085,"LINESTRING (-122.01370889 37.97605886, -122.029126 37.973773)"
381.0,1000014.0,848.5445406024633,"LINESTRING (-122.02177336 37.96880932, -122.029126 37.973773)"
382.0,1000014.0,1005.107709002776,"LINESTRING (-122.03591768 37.96649015, -122.029126 37.973773)"
383.0,1000014.0,1373.8780636900874,"LINESTRING (-122.04117783 37.96587403, -122.029126 37.973773)"
390.0,1000035.0,924.7089577711516,"LINESTRING (-122.05094156 37.92117318, -122.056015 37.928463)"
393.0,1000048.0,694.642291423467,"LINESTRING (-122.06249627 37.90089443, -122.067379 37.905812)"
394.0,1000035.0,1381.6479108583003,"LINESTRING (-122.07019652 37.92305427, -122.056015 37.928463)"
394.0,1000048.0,1933.1193121541344,"LINESTRING (-122.07019652 37.92305427, -122.067379 37.905812)"
395.0,1000048.0,1680.9772489872594,"LINESTRING (-122.08551354 37.91069202, -122.067379 37.905812)"
417.0,1000024.0,1301.712581267055,"LINESTRING (-122.13309226 37.90284294, -122.124644 37.89322)"
418.0,1000024.0,1756.3533572550086,"LINESTRING (-122.10513509 37.88969085, -122.124644 37.89322)"
427.0,1000033.0,1237.655787561925,"LINESTRING (-122.16971017 37.8797913, -122.183717 37.878503)"
464.0,1000017.0,1714.2217415694681,"LINESTRING (-122.32340241 37.93973433, -122.316868 37.925205)"
465.0,1000039.0,1960.6334413311658,"LINESTRING (-122.33105559 37.94015097, -122.353004 37.936795)"
466.0,1000039.0,1668.2172799624243,"LINESTRING (-122.34104882 37.94846499, -122.353004 37.936795)"
467.0,1000039.0,1212.9659170715006,"LINESTRING (-122.35505195 37.94758324, -122.353004 37.936795)"
468.0,1000039.0,948.9248131562804,"LINESTRING (-122.3426738 37.93933482, -122.353004 37.936795)"
469.0,1000039.0,383.64529884866323,"LINESTRING (-122.35294124 37.94024485, -122.353004 37.936795)"
470.0,1000039.0,1044.8700768060512,"LINESTRING (-122.3636315 37.94104333, -122.353004 37.936795)"
471.0,1000039.0,1023.8832502490553,"LINESTRING (-122.36403404 37.93377725, -122.353004 37.936795)"
473.0,1000039.0,1032.7815224549213,"LINESTRING (-122.35771073 37.92828114, -122.353004 37.936795)"
475.0,1000017.0,1772.8982750201637,"LINESTRING (-122.33608065 37.93015962, -122.316868 37.925205)"
475.0,1000039.0,1657.4904389732192,"LINESTRING (-122.33608065 37.93015962, -122.353004 37.936795)"
476.0,1000017.0,1211.4896274369707,"LINESTRING (-122.32388552 37.91582101, -122.316868 37.925205)"
477.0,1000017.0,1825.0849037580094,"LINESTRING (-122.31273931 37.90911804, -122.316868 37.925205)"
477.0,1000037.0,1412.5588255727578,"LINESTRING (-122.31273931 37.90911804, -122.298895 37.902633)"
478.0,1000017.0,1012.4981123331638,"LINESTRING (-122.31327002 37.93385706, -122.316868 37.925205)"
479.0,1000017.0,1777.6241370207006,"LINESTRING (-122.29664672 37.92413844, -122.316868 37.925205)"
480.0,1000017.0,671.3105225448619,"LINESTRING (-122.30974184 37.92740754, -122.316868 37.925205)"
481.0,1000017.0,270.9777354598223,"LINESTRING (-122.31663183 37.92277517, -122.316868 37.925205)"
482.0,1000017.0,1265.886862278904,"LINESTRING (-122.30694044 37.91694225, -122.316868 37.925205)"
482.0,1000037.0,1740.6454351386747,"LINESTRING (-122.30694044 37.91694225, -122.298895 37.902633)"
483.0,1000037.0,796.8360630870461,"LINESTRING (-122.303186 37.90894888, -122.298895 37.902633)"
484.0,1000037.0,48.91536760850356,"LINESTRING (-122.29919535 37.90226239, -122.298895 37.902633)"
485.0,1000037.0,665.5049859680882,"LINESTRING (-122.30619216 37.90099996, -122.298895 37.902633)"
486.0,1000037.0,1306.0789939419658,"LINESTRING (-122.29455825 37.91386942, -122.298895 37.902633)"
487.0,1000037.0,595.4291925403342,"LINESTRING (-122.29246738 37.90435116, -122.298895 37.902633)"
488.0,1000037.0,1263.3257729051886,"LINESTRING (-122.28565088 37.9070914, -122.298895 37.902633)"
570.0,1000019.0,1986.846600510025,"LINESTRING (-122.41666583 37.80171934, -122.39708 37.792789)"
570.0,1000029.0,1917.4279458152846,"LINESTRING (-122.41666583 37.80171934, -122.401642 37.789213)"
571.0,1000019.0,1458.0566285575044,"LINESTRING (-122.40849071 37.80230966, -122.39708 37.792789)"
571.0,1000029.0,1575.717471230302,"LINESTRING (-122.40849071 37.80230966, -122.401642 37.789213)"
571.0,1000038.0,1966.613318297104,"LINESTRING (-122.40849071 37.80230966, -122.407387 37.784645)"
572.0,1000019.0,716.1671544438301,"LINESTRING (-122.39944878 37.79895165, -122.39708 37.792789)"
572.0,1000029.0,1099.9028589080744,"LINESTRING (-122.39944878 37.79895165, -122.401642 37.789213)"
572.0,1000038.0,1737.035158813906,"LINESTRING (-122.39944878 37.79895165, -122.407387 37.784645)"
573.0,1000019.0,1170.2586725619278,"LINESTRING (-122.40739516 37.79944662, -122.39708 37.792789)"
573.0,1000029.0,1245.161018737192,"LINESTRING (-122.40739516 37.79944662, -122.401642 37.789213)"
573.0,1000038.0,1645.8652063073723,"LINESTRING (-122.40739516 37.79944662, -122.407387 37.784645)"
574.0,1000019.0,1376.284306608539,"LINESTRING (-122.41094482 37.79854762, -122.39708 37.792789)"
574.0,1000029.0,1321.1924123169342,"LINESTRING (-122.41094482 37.79854762, -122.401642 37.789213)"
574.0,1000038.0,1577.1958760458833,"LINESTRING (-122.41094482 37.79854762, -122.407387 37.784645)"
575.0,1000011.0,1903.4270409587537,"LINESTRING (-122.41528364 37.7965319, -122.413879 37.77945)"
575.0,1000019.0,1652.769463940387,"LINESTRING (-122.41528364 37.7965319, -122.39708 37.792789)"
575.0,1000029.0,1448.8480472531967,"LINESTRING (-122.41528364 37.7965319, -122.401642 37.789213)"
575.0,1000038.0,1492.8329577819486,"LINESTRING (-122.41528364 37.7965319, -122.407387 37.784645)"
576.0,1000038.0,1944.7468796765393,"LINESTRING (-122.42152454 37.7981011, -122.407387 37.784645)"
577.0,1000011.0,1772.0451709631036,"LINESTRING (-122.42076733 37.79442776, -122.413879 37.77945)"
577.0,1000029.0,1777.784322204809,"LINESTRING (-122.42076733 37.79442776, -122.401642 37.789213)"
577.0,1000038.0,1601.795828377727,"LINESTRING (-122.42076733 37.79442776, -122.407387 37.784645)"
578.0,1000011.0,1373.0976680904864,"LINESTRING (-122.42002014 37.79080479, -122.413879 37.77945)"
578.0,1000029.0,1624.6149904064428,"LINESTRING (-122.42002014 37.79080479, -122.401642 37.789213)"
578.0,1000038.0,1304.441259492079,"LINESTRING (-122.42002014 37.79080479, -122.407387 37.784645)"
579.0,1000011.0,1498.8397288629374,"LINESTRING (-122.4137862 37.79292919, -122.413879 37.77945)"
579.0,1000019.0,1468.0519109734757,"LINESTRING (-122.4137862 37.79292919, -122.39708 37.792789)"
579.0,1000029.0,1144.3449938794406,"LINESTRING (-122.4137862 37.79292919, -122.401642 37.789213)"
579.0,1000038.0,1079.2345044551948,"LINESTRING (-122.4137862 37.79292919, -122.407387 37.784645)"
580.0,1000011.0,1718.0988378467957,"LINESTRING (-122.4103344 37.79464518, -122.413879 37.77945)"
580.0,1000019.0,1182.7943568334383,"LINESTRING (-122.4103344 37.79464518, -122.39708 37.792789)"
580.0,1000029.0,973.7846388679437,"LINESTRING (-122.4103344 37.79464518, -122.401642 37.789213)"
580.0,1000038.0,1141.73372435496,"LINESTRING (-122.4103344 37.79464518, -122.407387 37.784645)"
581.0,1000011.0,1873.5451982952534,"LINESTRING (-122.40759898 37.79555167, -122.413879 37.77945)"
581.0,1000019.0,973.9961918296009,"LINESTRING (-122.40759898 37.79555167, -122.39708 37.792789)"
581.0,1000029.0,877.9370662241673,"LINESTRING (-122.40759898 37.79555167, -122.401642 37.789213)"
581.0,1000038.0,1212.9094140372724,"LINESTRING (-122.40759898 37.79555167, -122.407387 37.784645)"
582.0,1000019.0,662.5358038167473,"LINESTRING (-122.403738 37.79558556, -122.39708 37.792789)"
582.0,1000029.0,732.1404271710264,"LINESTRING (-122.403738 37.79558556, -122.401642 37.789213)"
582.0,1000038.0,1258.0827923544646,"LINESTRING (-122.403738 37.79558556, -122.407387 37.784645)"
583.0,1000011.0,1469.174040677679,"LINESTRING (-122.40449915 37.79038707, -122.413879 37.77945)"
583.0,1000019.0,704.5179696768361,"LINESTRING (-122.40449915 37.79038707, -122.39708 37.792789)"
583.0,1000029.0,282.9810783944088,"LINESTRING (-122.40449915 37.79038707, -122.401642 37.789213)"
583.0,1000038.0,687.0727529875597,"LINESTRING (-122.40449915 37.79038707, -122.407387 37.784645)"
584.0,1000011.0,1650.5352400698744,"LINESTRING (-122.40713092 37.79330251, -122.413879 37.77945)"
584.0,1000019.0,885.0132277221505,"LINESTRING (-122.40713092 37.79330251, -122.39708 37.792789)"
584.0,1000029.0,662.8836887393111,"LINESTRING (-122.40713092 37.79330251, -122.401642 37.789213)"
584.0,1000038.0,962.9341605895708,"LINESTRING (-122.40713092 37.79330251, -122.407387 37.784645)"
585.0,1000011.0,1266.312014922012,"LINESTRING (-122.4124252 37.79078011, -122.413879 37.77945)"
585.0,1000019.0,1366.77549023499,"LINESTRING (-122.4124252 37.79078011, -122.39708 37.792789)"
585.0,1000029.0,963.4429498121808,"LINESTRING (-122.4124252 37.79078011, -122.401642 37.789213)"
585.0,1000038.0,813.2666600099453,"LINESTRING (-122.4124252 37.79078011, -122.407387 37.784645)"
586.0,1000011.0,1074.461966716892,"LINESTRING (-122.41950222 37.78803022, -122.413879 37.77945)"
586.0,1000029.0,1574.963501085741,"LINESTRING (-122.41950222 37.78803022, -122.401642 37.789213)"
586.0,1000038.0,1129.2394275169859,"LINESTRING (-122.41950222 37.78803022, -122.407387 37.784645)"
587.0,1000011.0,1050.0912147917938,"LINESTRING (-122.41287917 37.78886058, -122.413879 37.77945)"
587.0,1000019.0,1455.4064979548198,"LINESTRING (-122.41287917 37.78886058, -122.39708 37.792789)"
587.0,1000029.0,988.23535166087,"LINESTRING (-122.41287917 37.78886058, -122.401642 37.789213)"
587.0,1000038.0,672.8034380451072,"LINESTRING (-122.41287917 37.78886058, -122.407387 37.784645)"
588.0,1000011.0,824.9795834133473,"LINESTRING (-122.41899264 37.78567181, -122.413879 37.77945)"
588.0,1000029.0,1574.732451100107,"LINESTRING (-122.41899264 37.78567181, -122.401642 37.789213)"
588.0,1000038.0,1026.2617047784452,"LINESTRING (-122.41899264 37.78567181, -122.407387 37.784645)"
589.0,1000011.0,793.6473835302686,"LINESTRING (-122.41242619 37.78649448, -122.413879 37.77945)"
589.0,1000019.0,1519.3431437722597,"LINESTRING (-122.41242619 37.78649448, -122.39708 37.792789)"
589.0,1000029.0,994.7116071207447,"LINESTRING (-122.41242619 37.78649448, -122.401642 37.789213)"
589.0,1000038.0,488.2588562164996,"LINESTRING (-122.41242619 37.78649448, -122.407387 37.784645)"
590.0,1000002.0,1731.5467841893972,"LINESTRING (-122.41832715 37.78070722, -122.419755 37.765176)"
590.0,1000011.0,415.16942432193923,"LINESTRING (-122.41832715 37.78070722, -122.413879 37.77945)"
590.0,1000029.0,1744.8503625347112,"LINESTRING (-122.41832715 37.78070722, -122.401642 37.789213)"
590.0,1000038.0,1056.4516368925947,"LINESTRING (-122.41832715 37.78070722, -122.407387 37.784645)"
591.0,1000011.0,438.6460381821625,"LINESTRING (-122.41249097 37.78323923, -122.413879 37.77945)"
591.0,1000019.0,1720.9256912248752,"LINESTRING (-122.41249097 37.78323923, -122.39708 37.792789)"
591.0,1000029.0,1161.9674349521456,"LINESTRING (-122.41249097 37.78323923, -122.401642 37.789213)"
591.0,1000038.0,474.9958395750957,"LINESTRING (-122.41249097 37.78323923, -122.407387 37.784645)"
597.0,1000011.0,1917.8141305593651,"LINESTRING (-122.42721603 37.79310183, -122.413879 37.77945)"
597.0,1000038.0,1980.0141294283212,"LINESTRING (-122.42721603 37.79310183, -122.407387 37.784645)"
602.0,1000011.0,1285.2269759269432,"LINESTRING (-122.42439334 37.78748379, -122.413879 37.77945)"
602.0,1000038.0,1527.4522723617765,"LINESTRING (-122.42439334 37.78748379, -122.407387 37.784645)"
603.0,1000011.0,1797.948139437887,"LINESTRING (-122.43128737 37.78794443, -122.413879 37.77945)"
606.0,1000011.0,1948.6247041503045,"LINESTRING (-122.43489487 37.78503746, -122.413879 37.77945)"
610.0,1000011.0,1503.500069566841,"LINESTRING (-122.43031662 37.78319769, -122.413879 37.77945)"
611.0,1000002.0,1940.2013109247107,"LINESTRING (-122.42350615 37.78237088, -122.419755 37.765176)"
611.0,1000011.0,906.2693178271601,"LINESTRING (-122.42350615 37.78237088, -122.413879 37.77945)"
611.0,1000038.0,1438.9574164424926,"LINESTRING (-122.42350615 37.78237088, -122.407387 37.784645)"
612.0,1000002.0,1850.931719498467,"LINESTRING (-122.42961743 37.77988348, -122.419755 37.765176)"
612.0,1000011.0,1384.017949164902,"LINESTRING (-122.42961743 37.77988348, -122.413879 37.77945)"
613.0,1000002.0,1374.861269731103,"LINESTRING (-122.42384251 37.7771108, -122.419755 37.765176)"
613.0,1000011.0,913.4782078445772,"LINESTRING (-122.42384251 37.7771108, -122.413879 37.77945)"
613.0,1000038.0,1671.3089312333532,"LINESTRING (-122.42384251 37.7771108, -122.407387 37.784645)"
614.0,1000002.0,1524.561362011652,"LINESTRING (-122.43050458 37.77593615, -122.419755 37.765176)"
614.0,1000011.0,1512.5228095852856,"LINESTRING (-122.43050458 37.77593615, -122.413879 37.77945)"
615.0,1000002.0,1931.2919020173122,"LINESTRING (-122.43785189 37.77502632, -122.419755 37.765176)"
618.0,1000002.0,1756.2631150374534,"LINESTRING (-122.43866388 37.77027873, -122.419755 37.765176)"
619.0,1000002.0,1074.175778930485,"LINESTRING (-122.42795009 37.77234225, -122.419755 37.765176)"
619.0,1000011.0,1467.6816901811937,"LINESTRING (-122.42795009 37.77234225, -122.413879 37.77945)"
620.0,1000002.0,1209.961307709882,"LINESTRING (-122.43332056 37.76702144, -122.419755 37.765176)"
621.0,1000002.0,1821.1714954668842,"LINESTRING (-122.44046801 37.76481644, -122.419755 37.765176)"
623.0,1000002.0,1732.9061994592196,"LINESTRING (-122.4116598 37.77938614, -122.419755 37.765176)"
623.0,1000011.0,195.1651788130961,"LINESTRING (-122.4116598 37.77938614, -122.413879 37.77945)"
623.0,1000019.0,1965.3652316977036,"LINESTRING (-122.4116598 37.77938614, -122.39708 37.792789)"
623.0,1000029.0,1403.2199266667392,"LINESTRING (-122.4116598 37.77938614, -122.401642 37.789213)"
623.0,1000038.0,694.943487779494,"LINESTRING (-122.4116598 37.77938614, -122.407387 37.784645)"
624.0,1000011.0,1661.2612863594147,"LINESTRING (-122.39940211 37.78905728, -122.413879 37.77945)"
624.0,1000019.0,462.4044883227351,"LINESTRING (-122.39940211 37.78905728, -122.39708 37.792789)"
624.0,1000029.0,197.58858778653777,"LINESTRING (-122.39940211 37.78905728, -122.401642 37.789213)"
624.0,1000038.0,856.1985053497392,"LINESTRING (-122.39940211 37.78905728, -122.407387 37.784645)"
625.0,1000002.0,633.6401581436988,"LINESTRING (-122.41345626 37.76794723, -122.419755 37.765176)"
625.0,1000004.0,1782.7514778116206,"LINESTRING (-122.41345626 37.76794723, -122.418518 37.752422)"
625.0,1000011.0,1279.5892283678454,"LINESTRING (-122.41345626 37.76794723, -122.413879 37.77945)"
625.0,1000038.0,1931.8133695368497,"LINESTRING (-122.41345626 37.76794723, -122.407387 37.784645)"
626.0,1000002.0,1765.6422133935916,"LINESTRING (-122.40750919 37.77776319, -122.419755 37.765176)"
626.0,1000011.0,590.40706851203,"LINESTRING (-122.40750919 37.77776319, -122.413879 37.77945)"
626.0,1000019.0,1905.6578278303045,"LINESTRING (-122.40750919 37.77776319, -122.39708 37.792789)"
626.0,1000029.0,1373.6068947386207,"LINESTRING (-122.40750919 37.77776319, -122.401642 37.789213)"
626.0,1000038.0,765.2977019788552,"LINESTRING (-122.40750919 37.77776319, -122.407387 37.784645)"
627.0,1000011.0,1958.0340729823329,"LINESTRING (-122.39309763 37.78579964, -122.413879 37.77945)"
627.0,1000019.0,852.3341640546365,"LINESTRING (-122.39309763 37.78579964, -122.39708 37.792789)"
627.0,1000029.0,841.3241627145826,"LINESTRING (-122.39309763 37.78579964, -122.401642 37.789213)"
627.0,1000038.0,1262.2791791293212,"LINESTRING (-122.39309763 37.78579964, -122.407387 37.784645)"
629.0,1000002.0,1831.2077722041047,"LINESTRING (-122.40332587 37.77530285, -122.419755 37.765176)"
629.0,1000011.0,1035.8082532102533,"LINESTRING (-122.40332587 37.77530285, -122.413879 37.77945)"
629.0,1000029.0,1553.8010080386787,"LINESTRING (-122.40332587 37.77530285, -122.401642 37.789213)"
629.0,1000038.0,1098.4040141097773,"LINESTRING (-122.40332587 37.77530285, -122.407387 37.784645)"
630.0,1000002.0,393.5972211486774,"LINESTRING (-122.42103445 37.76856813, -122.419755 37.765176)"
630.0,1000004.0,1808.9450245356343,"LINESTRING (-122.42103445 37.76856813, -122.418518 37.752422)"
630.0,1000011.0,1363.6884298290158,"LINESTRING (-122.42103445 37.76856813, -122.413879 37.77945)"
631.0,1000002.0,520.3155499272868,"LINESTRING (-122.42517792 37.76705172, -122.419755 37.765176)"
631.0,1000004.0,1728.8984698732913,"LINESTRING (-122.42517792 37.76705172, -122.418518 37.752422)"
631.0,1000011.0,1699.0731649006161,"LINESTRING (-122.42517792 37.76705172, -122.413879 37.77945)"
632.0,1000002.0,931.5830204852033,"LINESTRING (-122.4303419 37.76479492, -122.419755 37.765176)"
632.0,1000004.0,1724.321983589444,"LINESTRING (-122.4303419 37.76479492, -122.418518 37.752422)"
634.0,1000002.0,1742.4013640014462,"LINESTRING (-122.43798784 37.75902991, -122.419755 37.765176)"
634.0,1000004.0,1862.710809284838,"LINESTRING (-122.43798784 37.75902991, -122.418518 37.752422)"
635.0,1000002.0,1198.554213593375,"LINESTRING (-122.43133027 37.75948, -122.419755 37.765176)"
635.0,1000004.0,1372.8249214733555,"LINESTRING (-122.43133027 37.75948, -122.418518 37.752422)"
636.0,1000002.0,801.2538413378466,"LINESTRING (-122.42467498 37.75911005, -122.419755 37.765176)"
636.0,1000004.0,919.8063793600808,"LINESTRING (-122.42467498 37.75911005, -122.418518 37.752422)"
637.0,1000002.0,642.7720221331958,"LINESTRING (-122.42033091 37.75941337, -122.419755 37.765176)"
637.0,1000004.0,793.5742987217446,"LINESTRING (-122.42033091 37.75941337, -122.418518 37.752422)"
638.0,1000002.0,1494.5271713800464,"LINESTRING (-122.41961196 37.75173587, -122.419755 37.765176)"
638.0,1000004.0,122.7648151424767,"LINESTRING (-122.41961196 37.75173587, -122.418518 37.752422)"
639.0,1000002.0,1563.118078292963,"LINESTRING (-122.42394473 37.75151437, -122.419755 37.765176)"
639.0,1000004.0,487.666547896535,"LINESTRING (-122.42394473 37.75151437, -122.418518 37.752422)"
640.0,1000002.0,1587.8366476255612,"LINESTRING (-122.43078775 37.75386972, -122.419755 37.765176)"
640.0,1000004.0,1090.6642264488285,"LINESTRING (-122.43078775 37.75386972, -122.418518 37.752422)"
641.0,1000004.0,1806.1425754930922,"LINESTRING (-122.4390477 37.75301989, -122.418518 37.752422)"
642.0,1000004.0,1855.3585823636954,"LINESTRING (-122.43921333 37.74915864, -122.418518 37.752422)"
642.0,1000022.0,1835.5173275442132,"LINESTRING (-122.43921333 37.74915864, -122.433557 37.733269)"
643.0,1000002.0,1977.9266917474233,"LINESTRING (-122.43027151 37.74945087, -122.419755 37.765176)"
643.0,1000004.0,1084.8904330711919,"LINESTRING (-122.43027151 37.74945087, -122.418518 37.752422)"
643.0,1000022.0,1822.3863749167706,"LINESTRING (-122.43027151 37.74945087, -122.433557 37.733269)"
644.0,1000004.0,1159.4146328636405,"LINESTRING (-122.42766443 37.74491094, -122.418518 37.752422)"
644.0,1000022.0,1394.3739748672187,"LINESTRING (-122.42766443 37.74491094, -122.433557 37.733269)"
645.0,1000004.0,1947.6211361259936,"LINESTRING (-122.43877064 37.74532645, -122.418518 37.752422)"
645.0,1000022.0,1416.9434581560777,"LINESTRING (-122.43877064 37.74532645, -122.433557 37.733269)"
646.0,1000022.0,951.4674638991116,"LINESTRING (-122.44016868 37.74004236, -122.433557 37.733269)"
647.0,1000004.0,1910.9357448004655,"LINESTRING (-122.42989388 37.73777881, -122.418518 37.752422)"
647.0,1000022.0,596.0167132905733,"LINESTRING (-122.42989388 37.73777881, -122.433557 37.733269)"
649.0,1000002.0,1562.3542626712488,"LINESTRING (-122.40311085 37.76024816, -122.419755 37.765176)"
649.0,1000004.0,1609.9517885926732,"LINESTRING (-122.40311085 37.76024816, -122.418518 37.752422)"
651.0,1000004.0,1809.4142052941102,"LINESTRING (-122.3982143 37.75508478, -122.418518 37.752422)"
652.0,1000002.0,733.6196260789267,"LINESTRING (-122.413628 37.7606964, -122.419755 37.765176)"
652.0,1000004.0,1015.5491200110139,"LINESTRING (-122.413628 37.7606964, -122.418518 37.752422)"
653.0,1000002.0,1297.8067177076118,"LINESTRING (-122.40734227 37.75885718, -122.419755 37.765176)"
653.0,1000004.0,1215.4574857334046,"LINESTRING (-122.40734227 37.75885718, -122.418518 37.752422)"
654.0,1000002.0,1190.238517947805,"LINESTRING (-122.41326982 37.75577969, -122.419755 37.765176)"
654.0,1000004.0,593.5354335338429,"LINESTRING (-122.41326982 37.75577969, -122.418518 37.752422)"
655.0,1000002.0,1615.431311067313,"LINESTRING (-122.41509745 37.75112248, -122.419755 37.765176)"
655.0,1000004.0,333.6445667627208,"LINESTRING (-122.41509745 37.75112248, -122.418518 37.752422)"
656.0,1000002.0,1710.924665708893,"LINESTRING (-122.41153466 37.75122918, -122.419755 37.765176)"
656.0,1000004.0,628.1281183201028,"LINESTRING (-122.41153466 37.75122918, -122.418518 37.752422)"
657.0,1000002.0,1855.027398217093,"LINESTRING (-122.40738812 37.75165873, -122.419755 37.765176)"
657.0,1000004.0,982.1932876866127,"LINESTRING (-122.40738812 37.75165873, -122.418518 37.752422)"
667.0,1000004.0,1288.1214142383737,"LINESTRING (-122.40872639 37.74380494, -122.418518 37.752422)"
668.0,1000004.0,1013.301819306537,"LINESTRING (-122.41537161 37.74365534, -122.418518 37.752422)"
668.0,1000022.0,1972.5620158474533,"LINESTRING (-122.41537161 37.74365534, -122.433557 37.733269)"
669.0,1000004.0,995.1018387778355,"LINESTRING (-122.4212176 37.74373114, -122.418518 37.752422)"
669.0,1000022.0,1590.8177606408935,"LINESTRING (-122.4212176 37.74373114, -122.433557 37.733269)"
670.0,1000004.0,1676.941098183106,"LINESTRING (-122.42175485 37.73755969, -122.418518 37.752422)"
670.0,1000022.0,1142.2675944868115,"LINESTRING (-122.42175485 37.73755969, -122.433557 37.733269)"
671.0,1000004.0,1822.2576699744131,"LINESTRING (-122.41398119 37.73643153, -122.418518 37.752422)"
671.0,1000022.0,1757.0213232266515,"LINESTRING (-122.41398119 37.73643153, -122.433557 37.733269)"
672.0,1000022.0,1003.8809508886122,"LINESTRING (-122.42214831 37.73358022, -122.433557 37.733269)"
673.0,1000007.0,1102.7832628031206,"LINESTRING (-122.43778412 37.72801736, -122.44751 37.721758)"
673.0,1000022.0,692.2435789204363,"LINESTRING (-122.43778412 37.72801736, -122.433557 37.733269)"
674.0,1000022.0,1041.714763405523,"LINESTRING (-122.4233892 37.72846295, -122.433557 37.733269)"
678.0,1000007.0,1264.8705656764919,"LINESTRING (-122.43326759 37.72333435, -122.44751 37.721758)"
678.0,1000022.0,1104.9758607700105,"LINESTRING (-122.43326759 37.72333435, -122.433557 37.733269)"
679.0,1000007.0,1829.9218141575636,"LINESTRING (-122.42737783 37.72591223, -122.44751 37.721758)"
679.0,1000022.0,982.0868150679121,"LINESTRING (-122.42737783 37.72591223, -122.433557 37.733269)"
680.0,1000007.0,1572.6269946297268,"LINESTRING (-122.42987384 37.71943125, -122.44751 37.721758)"
680.0,1000022.0,1572.4152589655573,"LINESTRING (-122.42987384 37.71943125, -122.433557 37.733269)"
681.0,1000007.0,1058.627272486784,"LINESTRING (-122.43664904 37.71765542, -122.44751 37.721758)"
681.0,1000022.0,1757.3200091224019,"LINESTRING (-122.43664904 37.71765542, -122.433557 37.733269)"
682.0,1000007.0,416.80600779744816,"LINESTRING (-122.4438841 37.71934456, -122.44751 37.721758)"
682.0,1000022.0,1795.0615698746533,"LINESTRING (-122.4438841 37.71934456, -122.433557 37.733269)"
683.0,1000007.0,1344.5762603083303,"LINESTRING (-122.45471713 37.7110943, -122.44751 37.721758)"
683.0,1000015.0,1364.2174602829275,"LINESTRING (-122.45471713 37.7110943, -122.468994 37.706304)"
684.0,1000007.0,1091.8214465699775,"LINESTRING (-122.44057065 37.71361672, -122.44751 37.721758)"
685.0,1000007.0,1783.9551985115252,"LINESTRING (-122.43192945 37.71148718, -122.44751 37.721758)"
686.0,1000007.0,1389.8173520241658,"LINESTRING (-122.44432651 37.7095154, -122.44751 37.721758)"
700.0,1000007.0,1753.5245264246087,"LINESTRING (-122.45118587 37.73725752, -122.44751 37.721758)"
700.0,1000022.0,1612.4429271317736,"LINESTRING (-122.45118587 37.73725752, -122.433557 37.733269)"
703.0,1000007.0,1187.723606522453,"LINESTRING (-122.4581271 37.72835897, -122.44751 37.721758)"
704.0,1000007.0,819.8533272142303,"LINESTRING (-122.44730243 37.72912929, -122.44751 37.721758)"
704.0,1000022.0,1293.4921263222,"LINESTRING (-122.44730243 37.72912929, -122.433557 37.733269)"
705.0,1000007.0,765.2615142021713,"LINESTRING (-122.45609012 37.7206166, -122.44751 37.721758)"
705.0,1000015.0,1954.798490419082,"LINESTRING (-122.45609012 37.7206166, -122.468994 37.706304)"
706.0,1000007.0,1945.347443180634,"LINESTRING (-122.4682179 37.71561361, -122.44751 37.721758)"
706.0,1000015.0,1037.4302347445948,"LINESTRING (-122.4682179 37.71561361, -122.468994 37.706304)"
707.0,1000007.0,1222.0682594910907,"LINESTRING (-122.45793591 37.71449365, -122.44751 37.721758)"
707.0,1000015.0,1332.4904163864564,"LINESTRING (-122.45793591 37.71449365, -122.468994 37.706304)"
715.0,1000015.0,1558.2514851928956,"LINESTRING (-122.47993815 37.71732328, -122.468994 37.706304)"
741.0,1000011.0,1917.705685548876,"LINESTRING (-122.39415327 37.77207833, -122.413879 37.77945)"
741.0,1000038.0,1818.0550204824056,"LINESTRING (-122.39415327 37.77207833, -122.407387 37.784645)"
747.0,1000007.0,1850.9864666052656,"LINESTRING (-122.44877509 37.70514179, -122.44751 37.721758)"
747.0,1000015.0,1783.4116719985047,"LINESTRING (-122.44877509 37.70514179, -122.468994 37.706304)"
748.0,1000012.0,1544.7056504015006,"LINESTRING (-122.4577909 37.69685065, -122.466167 37.684642)"
748.0,1000015.0,1440.975350319864,"LINESTRING (-122.4577909 37.69685065, -122.468994 37.706304)"
749.0,1000012.0,1404.8279360056645,"LINESTRING (-122.46734525 37.69724147, -122.466167 37.684642)"
749.0,1000015.0,1018.0936474418769,"LINESTRING (-122.46734525 37.69724147, -122.468994 37.706304)"
750.0,1000015.0,395.2053259904557,"LINESTRING (-122.46476276 37.70510998, -122.468994 37.706304)"
751.0,1000015.0,1294.3282133821635,"LINESTRING (-122.48118031 37.6997824, -122.468994 37.706304)"
752.0,1000015.0,1756.0405543007898,"LINESTRING (-122.48883925 37.70460573, -122.468994 37.706304)"
755.0,1000012.0,1480.9890468594665,"LINESTRING (-122.47921395 37.69305594, -122.466167 37.684642)"
755.0,1000015.0,1725.8489241006334,"LINESTRING (-122.47921395 37.69305594, -122.468994 37.706304)"
756.0,1000012.0,324.524388287265,"LINESTRING (-122.46631204 37.68755826, -122.466167 37.684642)"
757.0,1000012.0,1267.9443273607178,"LINESTRING (-122.47963626 37.68059268, -122.466167 37.684642)"
760.0,1000012.0,1523.453002693545,"LINESTRING (-122.45105034 37.67796511, -122.466167 37.684642)"
760.0,1000045.0,1618.8274910077828,"LINESTRING (-122.45105034 37.67796511, -122.444254 37.664437)"
761.0,1000045.0,1791.3234774359482,"LINESTRING (-122.46147129 37.65584944, -122.444254 37.664437)"
762.0,1000012.0,1861.7149848428598,"LINESTRING (-122.47026701 37.66821668, -122.466167 37.684642)"
764.0,1000045.0,1121.5078515772645,"LINESTRING (-122.45680731 37.66271199, -122.444254 37.664437)"
765.0,1000045.0,1064.2528319801672,"LINESTRING (-122.44702978 37.65512162, -122.444254 37.664437)"
766.0,1000045.0,663.4831685513847,"LINESTRING (-122.43715468 37.66243206, -122.444254 37.664437)"
767.0,1000045.0,1997.9011657007723,"LINESTRING (-122.422022 37.66806003, -122.444254 37.664437)"
770.0,1000042.0,1948.5242538857697,"LINESTRING (-122.4014137 37.65062586, -122.416384 37.63772)"
771.0,1000042.0,1937.6563889036092,"LINESTRING (-122.43666802 37.64447806, -122.416384 37.63772)"
787.0,1000042.0,1656.4568953694045,"LINESTRING (-122.42155647 37.62339742, -122.416384 37.63772)"
788.0,1000042.0,1612.0549841226466,"LINESTRING (-122.4112676 37.62380021, -122.416384 37.63772)"
788.0,1000043.0,1912.8817489864027,"LINESTRING (-122.4112676 37.62380021, -122.391895 37.616023)"
789.0,1000042.0,1044.5194829360512,"LINESTRING (-122.42672519 37.63311841, -122.416384 37.63772)"
790.0,1000042.0,1438.4825551421466,"LINESTRING (-122.40718296 37.6270308, -122.416384 37.63772)"
790.0,1000043.0,1819.6574040608775,"LINESTRING (-122.40718296 37.6270308, -122.391895 37.616023)"
791.0,1000043.0,857.3531256151576,"LINESTRING (-122.38411213 37.62065391, -122.391895 37.616023)"
792.0,1000027.0,672.3978379306157,"LINESTRING (-122.39145297 37.60501665, -122.38684 37.600199)"
792.0,1000043.0,1224.4695086224178,"LINESTRING (-122.39145297 37.60501665, -122.391895 37.616023)"
795.0,1000027.0,1958.9439162560395,"LINESTRING (-122.40762923 37.59395018, -122.38684 37.600199)"
796.0,1000027.0,1069.285254263171,"LINESTRING (-122.39895072 37.59956232, -122.38684 37.600199)"
796.0,1000043.0,1932.9935018479705,"LINESTRING (-122.39895072 37.59956232, -122.391895 37.616023)"
797.0,1000027.0,1609.1201890964053,"LINESTRING (-122.39908082 37.58945912, -122.38684 37.600199)"
799.0,1000027.0,1437.7088699148755,"LINESTRING (-122.3724439 37.59411039, -122.38684 37.600199)"
990.0,1000009.0,1310.5225491832368,"LINESTRING (-121.86741767 37.35821093, -121.874661 37.368495)"
996.0,1000009.0,1663.340652102752,"LINESTRING (-121.85587572 37.36943084, -121.874661 37.368495)"
997.0,1000009.0,1096.1096715062474,"LINESTRING (-121.86330733 37.36452677, -121.874661 37.368495)"
