id,vehicle_vehicle_id,vehicle_vehicle_label,vehicle_position_latitude,vehicle_position_longitude,vehicle_timestamp
RTVP:T:22788074,5229,Dobbins+Central,33.512527,-112.07386,2025-10-03 23:42:20
RTVP:T:22788073,5133,Dobbins+Central,33.396805,-112.073425,2025-10-03 23:43:19
RTVP:T:22788107,5164,Baseline+Central,33.459194,-112.07427,2025-10-03 23:43:24
RTVP:T:22788106,5232,Baseline+Central,33.390915,-112.0734,2025-10-03 23:40:00
RTVP:T:22786505,5275,Dunlap+3rd St,33.41098,-112.07324,2025-10-03 23:43:16
RTVP:T:22786497,5306,Dunlap+3rd St,33.4945,-112.073654,2025-10-03 23:43:20
RTVP:T:22786507,5285,Dunlap+3rd St,33.567127,-112.06908,2025-10-03 23:43:15
RTVP:T:22788045,5637,Dunlap+3rd St,33.363667,-112.07305,2025-10-03 23:43:02
RTVP:T:22786508,5284,Dunlap+3rd St,33.434692,-112.07365,2025-10-03 23:43:23
RTVP:T:22788046,5314,Dunlap+3rd St,33.539448,-112.07376,2025-10-03 23:43:07
RTVP:T:22788308,3009,Desert Foothills via Pecos PNR,33.29476,-111.980385,2025-10-03 23:42:58
RTVP:T:22788292,3008,51st St+Elliot via Pecos PNR,33.348824,-111.979385,2025-10-03 23:43:12
RTVP:T:22788419,5265,State Capitol,33.446857,-112.09972,2025-10-03 23:43:01
RTVP:T:22788353,5209,4th Av+Washington,33.44698,-112.08777,2025-10-03 23:43:16
RTVP:T:22561222,1670,Main+Centennial,33.42939,-111.8589,2025-10-03 23:43:11
RTVP:T:22561220,1672,Main+Centennial,33.41559,-111.82903,2025-10-03 23:43:17
RTVP:T:22561006,1671,Mesa Riverview,33.42939,-111.862335,2025-10-03 23:43:07
RTVP:T:22803372,5191,Union Hills+67th Ave,33.422543,-112.22134,2025-10-03 23:43:23
RTVP:T:22803286,5174,Union Hills+43rd Ave,33.422455,-112.15703,2025-10-03 23:43:23
RTVP:V:5305,5305,,33.55285,-112.04809,2025-10-03 23:42:54
RTVP:V:5125,5125,,33.42833,-112.1031,2025-10-03 23:43:19
RTVP:T:22563286,6875,48th St+Ray Rd,33.330814,-111.78859,2025-10-03 23:42:57
RTVP:T:22563285,6813,48th St+Ray Rd,33.321342,-111.77312,2025-10-03 23:43:23
RTVP:T:22803580,5716,44th St+Thomas Rd,33.48486,-112.17787,2025-10-03 23:43:02
RTVP:T:22787255,8096,67th Ave+Camelback,33.511196,-111.98527,2025-10-03 23:43:05
RTVP:T:22804313,5349,35th Ave+Van Buren,33.447315,-111.99099,2025-10-03 23:43:18
RTVP:V:5698,5698,,33.49863,-112.11703,2025-10-03 23:43:23
RTVP:T:22787805,5255,Bell Rd+29th Ave,33.421173,-112.105675,2025-10-03 23:43:17
RTVP:T:22788169,7177,Desert Sky TC,33.461704,-112.141174,2025-10-03 23:43:00
RTVP:T:22803760,8115,Pima Park,33.481453,-112.26104,2025-10-03 23:43:04
RTVP:T:22787543,5223,Thelda Williams TC,33.4224,-112.1157,2025-10-03 23:43:08
RTVP:V:7311,7311,,33.42934,-112.09613,2025-10-03 23:43:04
RTVP:V:7312,7312,,33.63826,-112.004364,2025-10-03 23:41:31
RTVP:T:22788207,7189,Happy Valley PNR,33.456734,-112.065315,2025-10-03 23:43:12
RTVP:T:22803978,5176,Van Buren+83rd Ave,33.643177,-112.22504,2025-10-03 23:43:06
RTVP:T:22804017,5713,107th Av+Indian Schl,33.509262,-111.8908,2025-10-03 23:42:58
RTVP:T:22804132,5718,Granite Reef+Indn Sc,33.49315,-112.290146,2025-10-03 23:43:16
RTVP:T:22788206,7185,Happy Valley PNR,33.45318,-112.0701,2025-10-03 23:43:21
RTVP:T:22803702,8102,Beardsley+59th Ave,33.4398,-112.170425,2025-10-03 23:43:03
RTVP:T:22563169,6694,Washington+Priest,33.348934,-111.963036,2025-10-03 23:43:18
RTVP:T:22785675,5231,Dunlap+3rd St,33.37649,-112.06956,2025-10-03 23:43:16
RTVP:V:5273,5273,,33.46576,-111.997215,2025-10-03 23:43:08
RTVP:T:22786108,5295,67th Ave+Olive,33.678635,-112.03155,2025-10-03 23:43:07
RTVP:T:22787804,5632,Rose Garden+23rd Ave,33.421276,-112.1057,2025-10-03 23:43:04
RTVP:T:22785997,5253,19th Ave+Roeser,33.394203,-111.97563,2025-10-03 23:43:19
RTVP:T:22786347,5639,Northsight+Raintree,33.644226,-112.22626,2025-10-03 23:43:05
RTVP:T:22786054,5147,83rd Av+Bethany Home,33.508854,-112.021675,2025-10-03 23:43:16
RTVP:V:7192,7192,,33.693172,-112.11354,2025-10-03 23:42:57
RTVP:T:22788235,7301,Bell/SR 51,33.444992,-112.1017,2025-10-03 23:43:22
RTVP:T:22804089,5037,59th Av+Indian School,33.49518,-111.99958,2025-10-03 23:43:17
RTVP:T:22804093,8130,59th Av+Indian School,33.49522,-112.00403,2025-10-03 23:43:16
RTVP:V:5168,5168,,33.448414,-111.98797,2025-10-03 23:43:12
RTVP:T:22788297,3007,51st St+Elliot via Pecos PNR,33.30487,-112.05464,2025-10-03 23:43:14
RTVP:V:7320,7320,,33.497807,-112.113106,2025-10-03 23:43:22
RTVP:T:22786410,5281,Scottsdale Rd+Mayo,33.643208,-112.22522,2025-10-03 23:43:22
RTVP:V:7313,7313,,33.501373,-112.112946,2025-10-03 23:42:55
RTVP:T:22561662,1650,Tempe Marketplace,33.437523,-111.92627,2025-10-03 23:43:19
RTVP:T:22561656,1635,Tempe Marketplace,33.44833,-111.926445,2025-10-03 23:43:23
RTVP:T:22561650,1661,Tempe Marketplace,33.451225,-111.92363,2025-10-03 23:43:12
RTVP:T:22561385,1627,Downtown Tempe/ASU,33.449078,-111.91793,2025-10-03 23:43:15
RTVP:T:22561384,1634,Downtown Tempe/ASU,33.432205,-111.926285,2025-10-03 23:43:23
RTVP:T:22561383,1660,Downtown Tempe/ASU,33.425713,-111.936295,2025-10-03 23:43:12
RTVP:T:22561221,1669,Southern+Alma School,33.398304,-111.874405,2025-10-03 23:43:07
RTVP:T:22560973,1667,Mesa Riverview,33.393047,-111.87178,2025-10-03 23:42:56
RTVP:T:22561956,6725,Lot 59,33.416397,-111.9367,2025-10-03 23:43:15
RTVP:T:22562001,6729,Forest+Gammage,33.414722,-111.93513,2025-10-03 23:41:58
RTVP:T:22591979,6882,Peoria PNR,33.493744,-112.133865,2025-10-03 23:42:58
RTVP:T:22561123,1659,Downtown Tempe/ASU,33.390507,-111.91563,2025-10-03 23:43:17
RTVP:T:22561122,1663,Downtown Tempe/ASU,33.414795,-111.93514,2025-10-03 23:43:12
RTVP:T:22561665,1666,McClintock High School,33.421,-111.94011,2025-10-03 23:43:13
RTVP:T:22561659,1642,McClintock High School,33.3909,-111.93068,2025-10-03 23:43:15
RTVP:T:22561654,1631,McClintock High School,33.395145,-111.90914,2025-10-03 23:43:04
RTVP:T:22561291,1651,Downtown Tempe/ASU,33.39297,-111.89742,2025-10-03 23:43:07
RTVP:T:22561290,1654,Downtown Tempe/ASU,33.410156,-111.925545,2025-10-03 23:42:58
RTVP:T:22561289,1653,Downtown Tempe/ASU,33.42324,-111.93499,2025-10-03 23:43:21
RTVP:T:22561667,1658,Southern+Evergreen,33.4255,-111.93488,2025-10-03 23:43:08
RTVP:T:22561661,1641,Southern+Evergreen,33.41289,-111.92372,2025-10-03 23:43:17
RTVP:T:22561653,1605,Southern+Evergreen,33.408077,-111.91769,2025-10-03 23:43:12
RTVP:T:22804360,3011,Clockwise,33.47087,-112.16548,2025-10-03 23:43:01
RTVP:T:22804359,3019,Clockwise,33.478874,-112.228516,2025-10-03 23:43:17
RTVP:T:22804350,3022,Counterclock,33.487663,-112.23276,2025-10-03 23:43:20
RTVP:T:22804346,3021,Counterclock,33.498985,-112.16878,2025-10-03 23:43:15
RTVP:T:22561648,1607,Escalante Center,33.425354,-111.940056,2025-10-03 23:43:21
RTVP:T:22561660,1606,Escalante Center,33.42028,-111.92658,2025-10-03 23:43:23
RTVP:T:22561655,1655,Escalante Center,33.41908,-111.903336,2025-10-03 23:43:16
RTVP:T:22561060,1664,Downtown Tempe/ASU,33.41672,-111.91797,2025-10-03 23:42:55
RTVP:T:22561061,1640,Downtown Tempe/ASU,33.41676,-111.92225,2025-10-03 23:43:12
RTVP:T:22654096,4517,GR Senior Center,33.53189,-111.90873,2025-10-03 23:43:21
RTVP:T:22654097,4514,GR Senior Center,33.46723,-111.90103,2025-10-03 23:43:15
RTVP:T:22654180,4521,Mustang TC,33.50667,-111.91748,2025-10-03 23:43:15
RTVP:T:22654301,4513,Via Linda Senr Ctr,33.61117,-111.87836,2025-10-03 23:43:07
RTVP:T:22654300,4502,Via Linda Senr Ctr,33.574924,-111.85503,2025-10-03 23:43:15
RTVP:T:22654266,4512,Nsight+Raintree,33.575912,-111.855385,2025-10-03 23:42:57
RTVP:T:22654265,4523,Nsight+Raintree,33.618797,-111.884415,2025-10-03 23:43:21
RTVP:V:6724,6724,,33.43073,-111.96946,2025-10-03 23:43:11
RTVP:V:5208,5208,,33.4877,-112.20338,2025-10-03 23:43:10
RTVP:V:6787,6787,,33.469055,-111.78218,2025-10-03 23:43:22
RTVP:V:7026,7026,,33.43806,-111.71899,2025-10-03 23:43:22
RTVP:V:5652,5652,,33.643204,-112.235306,2025-10-03 23:43:11
RTVP:V:8137,8137,,33.451458,-112.0779,2025-10-03 23:43:05
RTVP:V:7028,7028,,33.477676,-111.73587,2025-10-03 23:43:05
RTVP:V:5328,5328,,33.451477,-112.038704,2025-10-03 23:43:15
RTVP:T:22561872,7031,Chandler PNR,33.28714,-111.8493,2025-10-03 23:43:09
RTVP:V:5262,5262,,33.37955,-112.02943,2025-10-03 23:43:21
RTVP:T:22788168,7327,Desert Sky TC,33.44688,-112.09851,2025-10-03 23:43:20
RTVP:V:6731,6731,,33.411484,-112.00807,2025-10-03 23:42:55
RTVP:V:6883,6883,,33.596325,-112.11954,2025-10-03 23:43:16
RTVP:T:22591944,6884,Surprise PNR,33.546116,-112.112465,2025-10-03 23:43:15
RTVP:V:7027,7027,,33.447067,-112.09901,2025-10-03 23:43:01
RTVP:V:7013,7013,,33.5963,-112.11768,2025-10-03 23:43:19
RTVP:V:6727,6727,,33.430344,-111.97166,2025-10-03 23:43:02
RTVP:T:22561870,6721,Chandler PNR,33.442192,-112.09801,2025-10-03 23:43:23
RTVP:V:7012,7012,,33.569206,-112.11738,2025-10-03 23:43:04
RTVP:V:7016,7016,,33.454456,-112.0707,2025-10-03 23:43:22
RTVP:T:22591952,7011,Arrowhead Ctr,33.45146,-112.07041,2025-10-03 23:43:16
RTVP:V:5264,5264,,33.428284,-112.10208,2025-10-03 23:43:12
RTVP:T:22561909,6726,Tempe Library PNR,33.42941,-112.08307,2025-10-03 23:42:59
RTVP:T:22561910,6733,Tempe Library PNR,33.429768,-112.08857,2025-10-03 23:43:09
RTVP:T:22561902,6854,Tempe Sports Complex,33.442307,-112.0965,2025-10-03 23:43:07
RTVP:T:22561901,6722,Tempe Sports Complex,33.429325,-112.099594,2025-10-03 23:43:14
RTVP:V:5629,5629,,33.462463,-112.209496,2025-10-03 23:43:14
RTVP:V:7029,7029,,33.481194,-111.76892,2025-10-03 23:43:04
RTVP:T:22591965,7019,Avondale PNR,33.53806,-112.11235,2025-10-03 23:43:11
RTVP:T:22788216,7304,Thelda Williams TC,33.42832,-112.10286,2025-10-03 23:43:05
RTVP:T:22788127,7181,24th St+Baseline,33.451378,-112.071335,2025-10-03 23:43:16
RTVP:T:22788255,3016,15th St+Cinnabar,33.571354,-112.073715,2025-10-03 23:43:06
RTVP:T:22788280,3015,19th Ave+Shangri-la,33.567123,-112.06937,2025-10-03 23:43:19
RTVP:T:22788282,3014,19th Ave+Shangri-la,33.582096,-112.09127,2025-10-03 23:43:24
RTVP:T:22788122,7308,27th Ave+Baseline,33.44714,-112.100105,2025-10-03 23:43:10
RTVP:T:22561335,1632,Priest+Elliot,33.390747,-111.9282,2025-10-03 23:43:03
RTVP:T:22561167,1625,Tempe Public Library,33.37139,-111.9343,2025-10-03 23:43:08
RTVP:V:6803,6803,,33.39312,-111.73676,2025-10-03 23:43:13
RTVP:V:6805,6805,,33.45958,-111.77062,2025-10-03 23:43:10
RTVP:V:4515,4515,,33.568768,-111.88177,2025-10-03 23:43:18
RTVP:V:6816,6816,,33.430843,-111.97203,2025-10-03 23:43:21
RTVP:V:6742,6742,,33.430832,-111.973694,2025-10-03 23:43:15
RTVP:V:6739,6739,,33.43046,-111.97152,2025-10-03 23:43:00
RTVP:V:6870,6870,,0.0,0.0,2025-10-03 23:43:09
RTVP:V:5313,5313,,33.5867,-112.10197,2025-10-03 23:43:14
RTVP:V:5693,5693,,33.596283,-112.1517,2025-10-03 23:43:04
RTVP:V:5205,5205,,33.42156,-112.1053,2025-10-03 23:39:21
RTVP:V:6791,6791,,33.47382,-111.73687,2025-10-03 23:42:55
RTVP:T:22562571,6796,Chandler PNR,33.295,-111.84174,2025-10-03 23:43:04
RTVP:V:5214,5214,,33.420883,-112.105225,2025-10-03 23:42:54
RTVP:V:6683,6683,,33.67205,-111.92252,2025-10-03 23:43:11
RTVP:V:5227,5227,,33.42148,-112.10511,2025-10-03 23:42:54
RTVP:V:5136,5136,,33.420853,-112.10442,2025-10-03 23:43:00
RTVP:V:101,101,,33.543816,-112.35794,2025-10-03 23:42:55
RTVP:V:108,108,,33.42029,-112.10533,2025-10-03 23:43:16
RTVP:V:109,109,,33.421215,-112.104546,2025-10-03 23:41:08
RTVP:V:5260,5260,,33.421707,-112.10484,2025-10-03 23:43:21
RTVP:T:22787659,5150,Deer Valley+19th Ave,33.36596,-112.06588,2025-10-03 23:43:20
RTVP:V:5044,5044,,33.462265,-112.046974,2025-10-03 23:43:14
RTVP:V:5052,5052,,33.49519,-112.18698,2025-10-03 23:43:21
RTVP:V:5172,5172,,33.42186,-112.104675,2025-10-03 23:43:04
RTVP:V:5293,5293,,33.58756,-112.101425,2025-10-03 23:43:21
RTVP:V:5186,5186,,33.45224,-112.227745,2025-10-03 23:43:14
RTVP:V:5195,5195,,33.479782,-112.15172,2025-10-03 23:40:30
RTVP:V:7015,7015,,33.602074,-112.14123,2025-10-03 23:43:17
RTVP:V:8146,8146,,33.587456,-112.10145,2025-10-03 23:43:20
RTVP:V:7184,7184,,33.421043,-112.10567,2025-10-03 23:43:13
RTVP:V:1652,1652,,33.430264,-111.97121,2025-10-03 23:43:02
RTVP:V:8066,8066,,33.43034,-111.97291,2025-10-03 23:42:56
RTVP:V:1668,1668,,33.473774,-111.73674,2025-10-03 23:43:08
RTVP:V:8073,8073,,33.430607,-111.974106,2025-10-03 23:43:13
RTVP:V:6808,6808,,33.475636,-111.73781,2025-10-03 23:43:11
RTVP:V:6815,6815,,33.44226,-112.09894,2025-10-03 23:43:15
RTVP:V:7306,7306,,33.429047,-112.10624,2025-10-03 23:43:15
RTVP:V:7172,7172,,33.420635,-112.106544,2025-10-03 23:42:58
RTVP:V:7183,7183,,33.431168,-112.09991,2025-10-03 23:43:22
RTVP:V:1639,1639,,0.0,0.0,2025-10-03 23:43:09
RTVP:V:7190,7190,,33.421165,-112.10585,2025-10-03 23:43:22
RTVP:T:22561664,6833,Venus Forward,33.41479,-111.9443,2025-10-03 23:43:10
RTVP:T:22561658,1624,Venus Forward,33.425083,-111.965256,2025-10-03 23:43:21
RTVP:T:22561652,1608,Venus Forward,33.42572,-111.93604,2025-10-03 23:43:14
RTVP:T:22561669,1656,Venus Back,33.42555,-111.936424,2025-10-03 23:42:54
RTVP:T:22561663,1657,Venus Back,33.412395,-111.95605,2025-10-03 23:42:58
RTVP:T:22561657,1626,Venus Back,33.419056,-111.9424,2025-10-03 23:43:11
RTVP:T:22786678,5137,Central Av+Polk St,33.44823,-112.00426,2025-10-03 23:43:07
RTVP:T:22786715,5170,Priest+Washington,33.447113,-112.04832,2025-10-03 23:43:02
RTVP:T:22804246,5621,Phoenix Zoo,33.45016,-112.272026,2025-10-03 23:43:21
RTVP:T:22804247,5708,Phoenix Zoo,33.451305,-112.15583,2025-10-03 23:43:11
RTVP:T:22804244,5604,Phoenix Zoo,33.45134,-112.06723,2025-10-03 23:43:14
RTVP:T:22804242,5705,Phoenix Zoo,33.45387,-111.95358,2025-10-03 23:43:10
RTVP:T:22804311,5274,35th Ave+Van Buren,33.451286,-112.012566,2025-10-03 23:43:18
RTVP:T:22804309,5720,35th Ave+Van Buren,33.45128,-112.10532,2025-10-03 23:43:13
RTVP:T:22804312,5187,4th St+La Canada,33.45376,-111.95326,2025-10-03 23:43:04
RTVP:T:22804308,8114,4th St+La Canada,33.451405,-112.13628,2025-10-03 23:43:14
RTVP:T:22804306,8136,4th St+La Canada,33.451523,-112.241684,2025-10-03 23:43:00
RTVP:T:22804302,5611,4th St+La Canada,33.446243,-112.34804,2025-10-03 23:43:23
RTVP:T:22804245,5616,44th St+Van Buren,33.451256,-112.104065,2025-10-03 23:43:16
RTVP:T:22804243,5342,44th St+Van Buren,33.451252,-111.99977,2025-10-03 23:43:23
RTVP:T:22787774,5319,Dobbins+7th St,33.683735,-112.083115,2025-10-03 23:43:14
RTVP:T:22787772,5290,Dobbins+7th St,33.581734,-112.06508,2025-10-03 23:43:08
RTVP:T:22787771,5126,Dobbins+7th St,33.50154,-112.06514,2025-10-03 23:41:06
RTVP:T:22787769,5162,Dobbins+7th St,33.37937,-112.0647,2025-10-03 23:43:06
RTVP:T:22787681,8147,Deer Valley+19th Ave,33.45879,-112.06522,2025-10-03 23:43:14
RTVP:T:22787689,5658,Deer Valley+19th Ave,33.538345,-112.065025,2025-10-03 23:43:18
RTVP:T:22787675,5685,Deer Valley+19th Ave,33.68385,-112.09723,2025-10-03 23:43:15
RTVP:T:22787768,5691,Baseline+7th St,33.49564,-112.06509,2025-10-03 23:43:18
RTVP:T:22787716,5207,Dunlap+7th St,33.42798,-112.06516,2025-10-03 23:43:16
RTVP:T:22787715,5217,Dunlap+7th St,33.476475,-112.06506,2025-10-03 23:43:22
RTVP:T:22787712,5202,Dunlap+7th St,33.568718,-112.0651,2025-10-03 23:43:12
RTVP:T:22785663,5146,Central Ave+Baseline,33.567738,-112.07273,2025-10-03 23:42:25
RTVP:T:22785639,5149,Central Ave+Baseline,33.45168,-112.07525,2025-10-03 23:43:24
RTVP:T:22785674,5141,Central Ave+Baseline,33.4132,-112.082,2025-10-03 23:43:07
RTVP:T:22785655,5278,Dunlap+3rd St,33.451393,-112.07638,2025-10-03 23:43:11
RTVP:T:22785636,5679,Dunlap+3rd St,33.539513,-112.08246,2025-10-03 23:43:19
RTVP:T:22786938,5263,Central+Van Buren,33.45858,-112.01382,2025-10-03 23:43:08
RTVP:T:22788147,7325,40th St+Pecos,33.451138,-112.07373,2025-10-03 23:43:17
RTVP:T:22788146,7310,40th St+Pecos,33.39881,-111.96767,2025-10-03 23:43:17
RTVP:T:22788145,7314,40th St+Pecos,33.29309,-111.997185,2025-10-03 23:43:07
RTVP:T:22788167,7328,Desert Sky TC,33.454166,-112.07377,2025-10-03 23:43:02
RTVP:T:22788166,7317,Desert Sky TC,33.462967,-112.16892,2025-10-03 23:43:05
RTVP:T:22787034,5269,Jefferson+12th St,33.57133,-112.064766,2025-10-03 23:43:23
RTVP:T:22787028,5129,Jefferson+12th St,33.45994,-112.058945,2025-10-03 23:43:06
RTVP:T:22785707,5649,Dunlap+3rd St,33.470352,-112.05639,2025-10-03 23:43:17
RTVP:T:22785697,5247,Dunlap+3rd St,33.530968,-112.05626,2025-10-03 23:43:14
RTVP:T:22803867,5175,Sky Train 24th St,33.436684,-112.116684,2025-10-03 23:43:21
RTVP:T:22803866,5271,Sky Train 24th St,33.435375,-112.032814,2025-10-03 23:40:49
RTVP:T:22803489,5607,75th Ave+Buckeye,33.43693,-112.118,2025-10-03 23:43:09
RTVP:T:22803490,5183,75th Ave+Buckeye,33.437023,-112.220375,2025-10-03 23:43:02
RTVP:T:22785756,5257,Montebello+19th Ave,33.446857,-112.09142,2025-10-03 23:43:18
RTVP:T:22785726,5155,Montebello+19th Ave,33.51946,-112.0986,2025-10-03 23:42:26
RTVP:T:22785808,5236,Union Hills/PVCC,33.378384,-112.04724,2025-10-03 23:40:13
RTVP:T:22785797,5160,Union Hills/PVCC,33.497723,-112.0476,2025-10-03 23:42:37
RTVP:T:22785847,5643,Union Hills/PVCC,33.6098,-112.013245,2025-10-03 23:43:18
RTVP:T:22785862,5656,Northern+16th St,33.464294,-112.04764,2025-10-03 23:43:17
RTVP:T:22785833,5244,Dobbins+Central,33.622387,-112.01342,2025-10-03 23:43:16
RTVP:T:22785792,5135,Dobbins+Central,33.54686,-112.04768,2025-10-03 23:43:18
RTVP:T:22785822,5699,Dobbins+Central,33.436676,-112.047745,2025-10-03 23:43:01
RTVP:T:22785817,5148,Dobbins+Central,33.363182,-112.07241,2025-10-03 23:43:11
RTVP:T:22785858,5650,Baseline Rd+16th St,33.552734,-112.04809,2025-10-03 23:43:14
RTVP:T:22785868,5659,Baseline Rd+16th St,33.465977,-112.047676,2025-10-03 23:43:19
RTVP:T:22785859,5653,Baseline Rd+16th St,33.378536,-112.047295,2025-10-03 23:43:12
RTVP:T:22803745,5327,Pebble Creek+McDowell,33.4659,-111.926834,2025-10-03 23:43:07
RTVP:T:22803749,8111,Pebble Creek+McDowell,33.465786,-111.99613,2025-10-03 23:43:22
RTVP:T:22803751,5345,Pebble Creek+McDowell,33.46581,-112.06996,2025-10-03 23:43:18
RTVP:T:22803750,8109,Pebble Creek+McDowell,33.466114,-112.152435,2025-10-03 23:43:12
RTVP:T:22803756,5179,Pebble Creek+McDowell,33.46473,-112.282,2025-10-03 23:42:19
RTVP:T:22803763,5182,Pebble Creek+McDowell,33.464867,-112.393265,2025-10-03 23:43:20
RTVP:T:22803429,8103,43rd Ave+McDowell,33.465725,-112.07113,2025-10-03 23:43:14
RTVP:T:22803435,5707,43rd Ave+McDowell,33.465866,-112.097984,2025-10-03 23:43:21
RTVP:T:22803431,5332,43rd Ave+McDowell,33.46446,-112.161,2025-10-03 23:43:12
RTVP:T:22803432,5055,43rd Ave+McDowell,33.46447,-112.16205,2025-10-03 23:43:15
RTVP:T:22803325,8108,44th St+McDowell,33.465836,-112.09671,2025-10-03 23:43:12
RTVP:T:22803320,5704,44th St+McDowell,33.46565,-112.02987,2025-10-03 23:43:04
RTVP:T:22803323,5711,44th St+McDowell,33.465343,-111.98712,2025-10-03 23:43:04
RTVP:T:22803324,5177,44th St+McDowell,33.465183,-111.98714,2025-10-03 23:43:23
RTVP:T:22803156,8139,Pima Rd+McDowell,33.464333,-112.36621,2025-10-03 23:43:01
RTVP:T:22803157,5192,Pima Rd+McDowell,33.464752,-112.27316,2025-10-03 23:41:52
RTVP:T:22803161,5050,Pima Rd+McDowell,33.465836,-112.20387,2025-10-03 23:42:38
RTVP:T:22803163,5618,Pima Rd+McDowell,33.465885,-112.15938,2025-10-03 23:43:18
RTVP:T:22803167,5180,Pima Rd+McDowell,33.465607,-111.99488,2025-10-03 23:43:10
RTVP:T:22803172,5623,Pima Rd+McDowell,33.46597,-111.89282,2025-10-03 23:43:00
RTVP:T:22803179,5606,Pima Rd+McDowell,33.465633,-112.06285,2025-10-03 23:43:05
RTVP:T:22803178,5706,Pima Rd+McDowell,33.465683,-111.92034,2025-10-03 23:43:20
RTVP:T:22788215,7323,Thelda Williams TC,33.452015,-112.06997,2025-10-03 23:42:56
RTVP:T:22788214,7316,Thelda Williams TC,33.44825,-112.08757,2025-10-03 23:43:12
RTVP:T:22788204,7191,Happy Valley PNR,33.45138,-112.07345,2025-10-03 23:43:02
RTVP:T:22788203,7187,Happy Valley PNR,33.448452,-112.0803,2025-10-03 23:43:07
RTVP:T:22788202,7167,Happy Valley PNR,33.52444,-112.112175,2025-10-03 23:43:01
RTVP:T:22788196,7315,Happy Valley PNR,33.594025,-112.11672,2025-10-03 23:42:58
RTVP:T:22788199,7303,Happy Valley PNR,33.639763,-112.11755,2025-10-03 23:43:16
RTVP:T:22788201,7182,Happy Valley PNR,33.63982,-112.1139,2025-10-03 23:43:01
RTVP:T:22786725,5228,Happy Valley+23rd Av,33.437164,-112.09987,2025-10-03 23:43:02
RTVP:T:22786770,5655,Happy Valley+23rd Av,33.46525,-112.099976,2025-10-03 23:43:08
RTVP:T:22786769,5221,Happy Valley+23rd Av,33.510803,-112.099724,2025-10-03 23:43:12
RTVP:T:22786727,5203,Happy Valley+23rd Av,33.60763,-112.09957,2025-10-03 23:43:13
RTVP:T:22786726,8144,Happy Valley+23rd Av,33.713497,-112.10873,2025-10-03 23:43:03
RTVP:T:22786767,8087,Happy Valley+23rd Av,33.377754,-112.09934,2025-10-03 23:39:45
RTVP:T:22786728,5122,Happy Valley+23rd Av,33.56045,-112.09953,2025-10-03 23:43:24
RTVP:T:22786762,5252,Happy Valley+23rd Av,33.625275,-112.09968,2025-10-03 23:43:14
RTVP:T:22786763,8152,Happy Valley+23rd Av,33.71303,-112.10956,2025-10-03 23:43:15
RTVP:T:22786805,5642,27th Ave+Baseline,33.712048,-112.10891,2025-10-03 23:43:23
RTVP:T:22786743,5325,27th Ave+Baseline,33.65645,-112.09978,2025-10-03 23:43:15
RTVP:T:22786740,5661,27th Ave+Baseline,33.606594,-112.09961,2025-10-03 23:43:18
RTVP:T:22786807,5224,27th Ave+Baseline,33.561714,-112.099724,2025-10-03 23:43:03
RTVP:T:22786802,5675,27th Ave+Baseline,33.55045,-112.09969,2025-10-03 23:43:10
RTVP:T:22786741,5237,27th Ave+Baseline,33.534313,-112.09978,2025-10-03 23:43:17
RTVP:T:22786806,5662,27th Ave+Baseline,33.481457,-112.099976,2025-10-03 23:43:17
RTVP:T:22786737,8092,27th Ave+Baseline,33.406376,-112.09958,2025-10-03 23:43:14
RTVP:T:22786801,5145,27th Ave+Baseline,33.377304,-112.11744,2025-10-03 23:43:16
RTVP:T:22787823,5124,Rose Garden+23rd Ave,33.562305,-112.12559,2025-10-03 23:43:18
RTVP:T:22787798,5239,Rose Garden+23rd Ave,33.66186,-112.11059,2025-10-03 23:43:02
RTVP:T:22787801,8148,Deer Valley+27th Ave,33.482944,-112.11706,2025-10-03 23:43:00
RTVP:T:22787813,5657,Deer Valley+27th Ave,33.637516,-112.12121,2025-10-03 23:43:03
RTVP:T:22787889,5315,Lower Buckeye+27th Av,33.64006,-112.12141,2025-10-03 23:43:09
RTVP:T:22787885,5256,Lower Buckeye+27th Av,33.542084,-112.116974,2025-10-03 23:43:23
RTVP:T:22787883,5138,Lower Buckeye+27th Av,33.57516,-112.118744,2025-10-03 23:41:34
RTVP:T:22787884,5261,Lower Buckeye+27th Av,33.423035,-112.13454,2025-10-03 23:43:23
RTVP:T:22787799,5687,Bell Rd+29th Ave,33.440662,-112.117424,2025-10-03 23:43:15
RTVP:T:22787810,5703,Bell Rd+29th Ave,33.508656,-112.11699,2025-10-03 23:43:18
RTVP:T:22786607,5121,99th Av+Lower Bckeye,33.42285,-112.20076,2025-10-03 23:43:15
RTVP:T:22786646,5153,22nd Av+Lower Bckeye,33.42112,-112.25528,2025-10-03 23:43:05
RTVP:T:22786642,5201,22nd Av+Lower Bckeye,33.42118,-112.10551,2025-10-03 23:43:19
RTVP:T:22803480,5339,51st Ave+Thomas Rd,33.480427,-112.030815,2025-10-03 23:43:24
RTVP:T:22803481,5032,51st Ave+Thomas Rd,33.48023,-112.071915,2025-10-03 23:43:04
RTVP:T:22803473,5024,51st Ave+Thomas Rd,33.480423,-112.12398,2025-10-03 23:43:11
RTVP:T:22803472,5620,51st Ave+Thomas Rd,33.48053,-112.16318,2025-10-03 23:43:16
RTVP:T:22803761,8138,Pima Park,33.480408,-112.16859,2025-10-03 23:43:13
RTVP:T:22803757,5609,Pima Park,33.480118,-112.04733,2025-10-03 23:43:14
RTVP:T:22803755,5628,Pima Park,33.480267,-111.93021,2025-10-03 23:43:12
RTVP:T:22803290,5622,Pima Park,33.480225,-112.20696,2025-10-03 23:43:24
RTVP:T:22803296,8105,Pima Park,33.480213,-112.079865,2025-10-03 23:43:16
RTVP:T:22803301,5645,Pima Park,33.479927,-111.96071,2025-10-03 23:43:08
RTVP:T:22803307,8123,Pima Park,0.0,0.0,2025-10-03 23:43:03
RTVP:T:22803598,5196,93rd Ave+Thomas,33.480434,-111.92727,2025-10-03 23:43:17
RTVP:T:22803597,8122,93rd Ave+Thomas,33.480297,-112.036934,2025-10-03 23:43:21
RTVP:T:22803599,5617,93rd Ave+Thomas,33.48057,-112.135185,2025-10-03 23:43:19
RTVP:T:22803606,8126,93rd Ave+Thomas,33.47881,-112.228355,2025-10-03 23:42:58
RTVP:T:22803585,5600,44th St+Thomas Rd,33.480377,-112.16834,2025-10-03 23:43:10
RTVP:T:22803583,8132,44th St+Thomas Rd,33.480392,-112.125336,2025-10-03 23:43:23
RTVP:T:22803576,5619,44th St+Thomas Rd,33.480095,-112.072845,2025-10-03 23:42:58
RTVP:T:22803577,5336,44th St+Thomas Rd,33.48029,-112.029434,2025-10-03 23:43:20
RTVP:T:22803571,5602,44th St+Thomas Rd,33.465652,-111.97049,2025-10-03 23:40:43
RTVP:T:22803596,5347,Desert Sky TC,33.480576,-111.89487,2025-10-03 23:43:00
RTVP:T:22803601,5715,Desert Sky TC,33.4804,-112.07443,2025-10-03 23:43:09
RTVP:T:22803604,5646,Desert Sky TC,33.480484,-112.173584,2025-10-03 23:43:23
RTVP:T:22803602,5624,Desert Sky TC,33.47928,-112.22835,2025-10-03 23:43:11
RTVP:T:22563398,6750,Power Rd+University,33.38351,-112.03336,2025-10-03 23:43:02
RTVP:T:22563401,6774,Power Rd+University,33.42182,-111.94773,2025-10-03 23:42:55
RTVP:T:22563400,6779,Power Rd+University,33.412224,-111.871826,2025-10-03 23:39:24
RTVP:T:22563399,6802,Power Rd+University,33.42235,-111.81379,2025-10-03 23:43:19
RTVP:T:22563397,6781,Power Rd+University,33.422848,-111.71916,2025-10-03 23:43:11
RTVP:T:22563774,6857,24th St/Baseline PNR,33.42283,-111.72458,2025-10-03 23:43:09
RTVP:T:22563773,2409,24th St/Baseline PNR,33.42231,-111.8443,2025-10-03 23:43:19
RTVP:T:22563771,6849,24th St/Baseline PNR,33.422028,-111.940735,2025-10-03 23:43:02
RTVP:T:22563768,2412,24th St/Baseline PNR,33.407444,-112.01259,2025-10-03 23:42:57
RTVP:T:22786892,8150,Camelback+28th St,33.385445,-111.99555,2025-10-03 23:43:17
RTVP:T:22786891,5245,Camelback+28th St,33.397552,-111.99548,2025-10-03 23:43:06
RTVP:T:22786862,5318,Baseline Rd+40th St,33.491558,-112.01297,2025-10-03 23:43:15
RTVP:T:22786860,8143,Baseline Rd+40th St,33.44997,-112.01291,2025-10-03 23:43:13
RTVP:T:22787539,5230,Thelda Williams TC,33.48431,-112.13425,2025-10-03 23:43:11
RTVP:T:22787538,5303,Thelda Williams TC,33.573532,-112.118744,2025-10-03 23:43:00
RTVP:T:22787604,5220,Lower Buckeye+35th Av,33.538197,-112.13448,2025-10-03 23:43:19
RTVP:T:22787602,5167,Lower Buckeye+35th Av,33.489246,-112.13431,2025-10-03 23:40:13
RTVP:T:22787540,5316,Happy Valley+23rd Av,33.377544,-112.11801,2025-10-03 23:43:20
RTVP:T:22787541,8120,Happy Valley+23rd Av,33.450592,-112.134514,2025-10-03 23:42:55
RTVP:T:22787537,5297,Happy Valley+23rd Av,33.617847,-112.133766,2025-10-03 23:43:16
RTVP:T:22787535,5676,Happy Valley+23rd Av,33.66851,-112.134636,2025-10-03 23:43:19
RTVP:T:22787607,5670,27th Ave+Baseline,33.654877,-112.1345,2025-10-03 23:43:18
RTVP:T:22787605,5665,27th Ave+Baseline,33.580223,-112.12175,2025-10-03 23:43:09
RTVP:T:22787603,5320,27th Ave+Baseline,33.5167,-112.134224,2025-10-03 23:43:22
RTVP:T:22787601,5254,27th Ave+Baseline,33.408607,-112.13375,2025-10-03 23:43:08
RTVP:T:22787536,5701,Happy Valley+23rd Av,33.55767,-112.13421,2025-10-03 23:43:01
RTVP:T:22786578,5291,Dreamy Draw PNR,33.651665,-112.01268,2025-10-03 23:43:08
RTVP:T:22786544,5279,Union Hills/PVCC,33.58126,-112.011375,2025-10-03 23:43:22
RTVP:T:22563533,6804,Gilbert+Main St TC,33.41554,-111.732704,2025-10-03 23:40:44
RTVP:T:22563537,6777,Sycamore/Main St TC,33.390392,-111.68508,2025-10-03 23:40:39
RTVP:T:22563530,6894,Sycamore/Main St TC,33.415154,-111.81789,2025-10-03 23:43:23
RTVP:T:22563524,6789,Sycamore/Main St TC,33.415936,-111.87053,2025-10-03 23:43:21
RTVP:T:22562859,6800,Superstition Sprgs TC,33.415497,-111.75446,2025-10-03 23:41:40
RTVP:T:22562858,6758,Superstition Sprgs TC,33.415497,-111.753716,2025-10-03 23:39:33
RTVP:T:22563640,6809,Superstition Sprgs TC,33.415028,-111.805435,2025-10-03 23:43:21
RTVP:T:22563639,6762,Superstition Sprgs TC,33.406967,-111.6846,2025-10-03 23:43:12
RTVP:T:22804048,5719,Granite Reef+Indn Sc,33.495075,-112.01652,2025-10-03 23:43:13
RTVP:T:22804069,8106,32nd St+Indian School,33.49494,-112.18148,2025-10-03 23:40:34
RTVP:T:22804062,5712,32nd St+Indian School,33.49502,-112.10321,2025-10-03 23:42:58
RTVP:T:22804071,5717,32nd St+Indian School,33.494713,-112.06395,2025-10-03 23:43:19
RTVP:T:22804135,5608,Granite Reef+Indn Sc,33.49447,-112.22933,2025-10-03 23:43:04
RTVP:T:22804139,5709,Granite Reef+Indn Sc,33.494774,-112.08284,2025-10-03 23:43:11
RTVP:T:22804133,5340,Granite Reef+Indn Sc,33.494774,-111.930214,2025-10-03 23:43:07
RTVP:T:22804015,5331,107th Av+Indian Schl,33.495327,-112.013794,2025-10-03 23:43:22
RTVP:T:22804016,5714,107th Av+Indian Schl,33.49494,-112.12139,2025-10-03 23:43:06
RTVP:T:22804018,8141,107th Av+Indian Schl,33.494347,-112.23476,2025-10-03 23:43:04
RTVP:T:22804094,8110,59th Av+Indian School,33.494705,-112.06422,2025-10-03 23:43:12
RTVP:T:22804092,5351,59th Av+Indian School,33.49517,-112.10052,2025-10-03 23:43:06
RTVP:T:22804095,5346,59th Av+Indian School,33.494953,-112.15271,2025-10-03 23:43:22
RTVP:T:22804096,5610,59th Av+Indian School,33.495346,-112.18654,2025-10-03 23:43:08
RTVP:T:22804019,5352,83rd Av+Indian School,33.494766,-112.06626,2025-10-03 23:43:15
RTVP:T:22804020,5601,83rd Av+Indian School,33.494938,-112.16574,2025-10-03 23:43:06
RTVP:T:22804021,5353,83rd Av+Indian School,33.494152,-112.23709,2025-10-03 23:43:17
RTVP:T:22803285,5185,Union Hills+43rd Ave,33.49343,-112.1516,2025-10-03 23:42:53
RTVP:T:22803282,5270,Union Hills+43rd Ave,33.62571,-112.15097,2025-10-03 23:43:04
RTVP:T:22803281,5605,Union Hills+43rd Ave,33.654724,-112.153114,2025-10-03 23:43:13
RTVP:T:22803367,5197,Lower Buckeye+43rd Av,33.567238,-112.15171,2025-10-03 23:43:03
RTVP:T:22785928,5663,Desert Ridge,33.447193,-111.99003,2025-10-03 23:43:02
RTVP:T:22785922,5171,Desert Ridge,33.531742,-111.9756,2025-10-03 23:43:17
RTVP:T:22785913,5142,Desert Ridge,33.65488,-111.97741,2025-10-03 23:43:18
RTVP:T:22785917,5268,Sky Train 44th St,33.68309,-111.9707,2025-10-03 23:43:18
RTVP:T:22785909,5292,Sky Train 44th St,33.60494,-111.9788,2025-10-03 23:43:16
RTVP:T:22785931,5668,Sky Train 44th St,33.497925,-111.986885,2025-10-03 23:43:17
RTVP:T:22562469,6818,Price+Broadway,33.406845,-112.03582,2025-10-03 23:43:17
RTVP:T:22562467,6704,Price+Broadway,33.407505,-111.92456,2025-10-03 23:43:14
RTVP:T:22562498,6807,19th Ave+Broadway,33.40742,-111.93847,2025-10-03 23:42:55
RTVP:T:22562497,6812,19th Ave+Broadway,33.406902,-112.034874,2025-10-03 23:43:06
RTVP:T:22562496,8530,19th Ave+Broadway,33.40658,-112.09888,2025-10-03 23:43:23
RTVP:T:22563535,6770,19th Ave+Broadway,33.387714,-111.68847,2025-10-03 23:43:06
RTVP:T:22563532,2408,19th Ave+Broadway,33.415028,-111.79052,2025-10-03 23:43:21
RTVP:T:22563526,6698,19th Ave+Broadway,33.40761,-111.85671,2025-10-03 23:42:11
RTVP:T:22563520,6684,19th Ave+Broadway,33.407482,-111.959175,2025-10-03 23:43:16
RTVP:T:22563514,8528,19th Ave+Broadway,33.39877,-112.09057,2025-10-03 23:43:11
RTVP:T:22562477,6711,Superstition Springs,33.406586,-112.09859,2025-10-03 23:43:21
RTVP:T:22562468,6753,Superstition Springs,33.408863,-111.97329,2025-10-03 23:42:55
RTVP:T:22562475,8074,Superstition Springs,33.407776,-111.844505,2025-10-03 23:43:22
RTVP:T:22562465,8077,Superstition Springs,33.408142,-111.75938,2025-10-03 23:43:21
RTVP:T:22562463,8070,Superstition Springs,33.38718,-111.68926,2025-10-03 23:43:23
RTVP:T:22563150,6705,Mesa Riverview,33.392532,-111.97835,2025-10-03 23:42:56
RTVP:T:22563149,2416,Mesa Riverview,33.423218,-111.9309,2025-10-03 23:43:04
RTVP:T:22563146,6868,Mesa Riverview,33.43054,-111.87446,2025-10-03 23:43:22
RTVP:T:22562210,2418,Priest+Baseline,33.426804,-111.92925,2025-10-03 23:43:04
RTVP:T:22562207,6838,Priest+Baseline,33.37837,-111.978325,2025-10-03 23:43:14
RTVP:T:22787254,5206,67th Ave+Camelback,33.509235,-112.04356,2025-10-03 23:43:14
RTVP:T:22787256,5131,67th Ave+Camelback,33.509563,-112.11732,2025-10-03 23:43:03
RTVP:T:22787283,5219,Scottsdale CC,33.50946,-112.1858,2025-10-03 23:42:31
RTVP:T:22787277,8117,44th St+Camelback,33.509483,-112.11738,2025-10-03 23:43:07
RTVP:T:22787314,5222,107th Ave+Camelback,33.502094,-111.90298,2025-10-03 23:43:21
RTVP:T:22787311,5152,107th Ave+Camelback,33.50252,-111.966324,2025-10-03 23:43:21
RTVP:T:22787310,5140,107th Ave+Camelback,33.509502,-112.11101,2025-10-03 23:42:59
RTVP:T:22787309,5173,107th Ave+Camelback,33.509487,-112.11678,2025-10-03 23:43:19
RTVP:T:22787308,5238,107th Ave+Camelback,33.50454,-112.29766,2025-10-03 23:43:22
RTVP:T:22787226,8153,Scottsdale CC,33.508224,-112.2719,2025-10-03 23:43:23
RTVP:T:22787219,8088,Scottsdale CC,33.5094,-112.14237,2025-10-03 23:43:19
RTVP:T:22787223,5154,Scottsdale CC,33.50913,-112.08093,2025-10-03 23:40:20
RTVP:T:22787218,5700,Scottsdale CC,33.502094,-111.92898,2025-10-03 23:43:06
RTVP:T:22787220,5210,Scottsdale CC,33.512287,-111.88022,2025-10-03 23:43:11
RTVP:T:22803521,5178,Thunderbird/ASU West,33.558083,-112.1689,2025-10-03 23:43:16
RTVP:T:22803225,5647,Baseline Rd+51st Ave,33.54887,-112.1687,2025-10-03 23:43:14
RTVP:T:22803221,5199,Baseline Rd+51st Ave,33.378178,-112.16811,2025-10-03 23:43:16
RTVP:T:22803220,5194,Pecos Rd+51st Ave,33.47962,-112.169014,2025-10-03 23:40:23
RTVP:T:22803210,5181,Pecos Rd+51st Ave,33.32352,-112.16888,2025-10-03 23:43:05
RTVP:T:22803517,5189,Thunderbird/ASU West,33.485374,-112.16893,2025-10-03 23:42:53
RTVP:T:22803518,5341,Thunderbird/ASU West,33.610023,-112.16431,2025-10-03 23:43:06
RTVP:T:22788234,7322,Bell/SR 51,33.467896,-112.03813,2025-10-03 23:43:13
RTVP:T:22788227,7302,Desert Ridge,33.44929,-112.07776,2025-10-03 23:43:17
RTVP:T:22788230,7300,Desert Ridge,33.582306,-112.01097,2025-10-03 23:43:07
RTVP:T:22785976,5123,19th Ave+Roeser,33.39959,-112.06363,2025-10-03 23:43:19
RTVP:T:22786001,5169,48th St+Roeser,33.39987,-111.995735,2025-10-03 23:43:23
RTVP:T:22563242,6712,Botanical Garden,33.319836,-111.979195,2025-10-03 23:42:44
RTVP:T:22563240,6703,Botanical Garden,33.407925,-111.960724,2025-10-03 23:43:19
RTVP:T:22563167,6685,Washington+Priest,33.453526,-111.95197,2025-10-03 23:42:57
RTVP:T:22563183,6830,Elliot+Priest,33.4423,-111.95748,2025-10-03 23:43:20
RTVP:T:22563186,6827,Elliot+Priest,33.363106,-111.96315,2025-10-03 23:43:16
RTVP:T:22562519,6866,Ray+48th St,33.462357,-111.94348,2025-10-03 23:43:14
RTVP:T:22562518,6738,Ray+48th St,33.420197,-111.96089,2025-10-03 23:43:24
RTVP:T:22562514,6856,Ray+48th St,33.31997,-111.98109,2025-10-03 23:43:15
RTVP:T:22803644,5627,Buckeye Rd+59th Ave,33.666897,-112.1869,2025-10-03 23:43:12
RTVP:T:22803640,5338,Buckeye Rd+59th Ave,33.56137,-112.18629,2025-10-03 23:43:02
RTVP:T:22803643,5272,Buckeye Rd+59th Ave,33.508858,-112.1865,2025-10-03 23:41:42
RTVP:T:22803701,8131,Beardsley+59th Ave,33.477036,-112.18642,2025-10-03 23:43:01
RTVP:T:22803696,8140,Beardsley+59th Ave,33.56805,-112.18615,2025-10-03 23:42:12
RTVP:T:22786064,5633,24th St+Camelback,33.523815,-112.20387,2025-10-03 23:43:13
RTVP:T:22786051,5677,24th St+Camelback,33.51957,-112.09879,2025-10-03 23:43:03
RTVP:T:22786029,5277,83rd Av+Bethany Home,33.523273,-112.047485,2025-10-03 23:43:07
RTVP:T:22786016,5226,83rd Av+Bethany Home,33.52407,-112.10656,2025-10-03 23:43:17
RTVP:T:22786043,5641,83rd Av+Bethany Home,33.528713,-112.23768,2025-10-03 23:43:21
RTVP:T:22562140,6780,Superstition Springs,33.38445,-112.16839,2025-10-03 23:43:00
RTVP:T:22562139,8524,Superstition Springs,33.3922,-112.0817,2025-10-03 23:43:12
RTVP:T:22562138,2401,Superstition Springs,33.39249,-111.994865,2025-10-03 23:43:11
RTVP:T:22562134,6794,Superstition Springs,33.392796,-111.9518,2025-10-03 23:43:15
RTVP:T:22562137,7001,Superstition Springs,33.39284,-111.89228,2025-10-03 23:43:19
RTVP:T:22562136,6783,Superstition Springs,33.393158,-111.850204,2025-10-03 23:42:19
RTVP:T:22562131,6821,Superstition Springs,33.393513,-111.79168,2025-10-03 23:43:11
RTVP:T:22562135,6782,Superstition Springs,33.393696,-111.74772,2025-10-03 23:42:57
RTVP:T:22562132,6715,Superstition Springs,33.387177,-111.68959,2025-10-03 23:43:15
RTVP:T:22562133,6845,Superstition Springs,33.387154,-111.68899,2025-10-03 23:43:16
RTVP:T:22562130,8521,Superstition Springs,33.38771,-111.688736,2025-10-03 23:43:03
RTVP:T:22563536,6759,51st Ave+Southern,33.393845,-111.712944,2025-10-03 23:40:17
RTVP:T:22563531,6690,51st Ave+Southern,33.39334,-111.80992,2025-10-03 23:43:16
RTVP:T:22563529,6744,51st Ave+Southern,33.393257,-111.84946,2025-10-03 23:43:21
RTVP:T:22563525,6835,51st Ave+Southern,33.39305,-111.91002,2025-10-03 23:43:18
RTVP:T:22563523,6839,51st Ave+Southern,33.392838,-111.95229,2025-10-03 23:43:14
RTVP:T:22563519,2420,51st Ave+Southern,33.392727,-111.996506,2025-10-03 23:43:08
RTVP:T:22563518,6746,51st Ave+Southern,33.392227,-112.06751,2025-10-03 23:43:23
RTVP:T:22563513,8529,51st Ave+Southern,33.392097,-112.13365,2025-10-03 23:42:49
RTVP:T:22563511,6844,51st Ave+Southern,33.403286,-112.15083,2025-10-03 23:43:23
RTVP:T:22563508,6871,51st Ave+Southern,33.391182,-112.16843,2025-10-03 23:43:00
RTVP:T:22563688,2417,Warner Rd/IKEA,33.430912,-111.90472,2025-10-03 23:43:04
RTVP:T:22563687,6695,Warner Rd/IKEA,33.429058,-111.94253,2025-10-03 23:43:04
RTVP:T:22563684,6843,Warner Rd/IKEA,33.334835,-111.96312,2025-10-03 23:43:19
RTVP:T:22562923,6826,Tempe Marketplace,33.35478,-111.948586,2025-10-03 23:43:18
RTVP:T:22562922,6841,Tempe Marketplace,33.42568,-111.93556,2025-10-03 23:43:05
RTVP:T:22563732,6851,Elliot Rd+Kyrene,33.407467,-111.939835,2025-10-03 23:43:14
RTVP:T:22563009,6862,Downtown Tempe/ASU,33.414276,-111.93989,2025-10-03 23:43:07
RTVP:T:22563733,6847,Lone Butte Casino,33.425854,-111.93582,2025-10-03 23:43:13
RTVP:T:22563731,6825,Lone Butte Casino,33.392563,-111.93973,2025-10-03 23:43:11
RTVP:T:22563728,6706,Lone Butte Casino,33.288727,-111.94468,2025-10-03 23:43:14
RTVP:T:22562990,6831,Downtown Tempe/ASU,33.358208,-111.94578,2025-10-03 23:43:07
RTVP:T:22803370,5630,Union Hills+67th Ave,33.47797,-112.203285,2025-10-03 23:43:15
RTVP:T:22803374,5722,Union Hills+67th Ave,33.56652,-112.20293,2025-10-03 23:43:18
RTVP:T:22803378,5613,Union Hills+67th Ave,33.653214,-112.20281,2025-10-03 23:42:34
RTVP:T:22803818,5242,Sierra Linda HS,33.56603,-112.2029,2025-10-03 23:43:13
RTVP:T:22803819,5241,Sierra Linda HS,33.483307,-112.20327,2025-10-03 23:43:20
RTVP:T:22803817,5343,Sierra Linda HS,33.4367,-112.2039,2025-10-03 23:43:21
RTVP:T:22654144,4520,Hayden+Indian School,33.458427,-111.93018,2025-10-03 23:43:21
RTVP:T:22654142,4522,Hayden+Indian School,33.502262,-111.925705,2025-10-03 23:43:03
RTVP:T:22654230,4511,GR Senior Center,33.487206,-111.94059,2025-10-03 23:43:00
RTVP:T:22654225,4524,GR Senior Center,33.458584,-111.9006,2025-10-03 23:43:09
RTVP:T:22787939,8097,Glendale PNR,33.410545,-112.02966,2025-10-03 23:43:18
RTVP:T:22787930,5130,Glendale PNR,33.538303,-112.073135,2025-10-03 23:43:17
RTVP:T:22787947,8082,Glendale PNR,33.538513,-112.08787,2025-10-03 23:43:03
RTVP:T:22787942,5165,Glendale PNR,33.5385,-112.19056,2025-10-03 23:42:12
RTVP:T:22787917,8151,Glendale PNR,33.537254,-112.27191,2025-10-03 23:43:15
RTVP:T:22787940,8099,Luke AFB,33.44764,-112.03007,2025-10-03 23:41:51
RTVP:T:22787943,5702,Luke AFB,33.538704,-112.10904,2025-10-03 23:43:14
RTVP:T:22788024,5159,24th St+Baseline PNR,33.544765,-112.358635,2025-10-03 23:43:08
RTVP:T:22788019,5634,24th St+Baseline PNR,33.53855,-112.12081,2025-10-03 23:43:05
RTVP:T:22788023,5233,24th St+Baseline PNR,33.53895,-112.27162,2025-10-03 23:43:06
RTVP:T:22788021,5215,24th St+Baseline PNR,33.538338,-112.20178,2025-10-03 23:43:04
RTVP:T:22788020,5143,24th St+Baseline PNR,33.538403,-112.15194,2025-10-03 23:42:40
RTVP:T:22788017,5163,24th St+Baseline PNR,33.49527,-112.03021,2025-10-03 23:43:18
RTVP:T:22788016,5157,24th St+Baseline PNR,33.45134,-112.03018,2025-10-03 23:43:16
RTVP:T:22788014,5235,24th St+Baseline PNR,33.37952,-112.029564,2025-10-03 23:43:20
RTVP:T:22563367,6692,Chandler Fashion Ctr,33.65496,-111.92546,2025-10-03 23:43:15
RTVP:T:22563366,6832,Chandler Fashion Ctr,33.597027,-111.92595,2025-10-03 23:43:20
RTVP:T:22563362,2403,Chandler Fashion Ctr,33.53011,-111.92574,2025-10-03 23:43:07
RTVP:T:22563365,6840,Chandler Fashion Ctr,33.441246,-111.92637,2025-10-03 23:43:03
RTVP:T:22563364,6873,Chandler Fashion Ctr,33.415222,-111.92642,2025-10-03 23:43:14
RTVP:T:22563363,6858,Chandler Fashion Ctr,33.363583,-111.928566,2025-10-03 23:43:17
RTVP:T:22563361,6680,Chandler Fashion Ctr,33.303146,-111.9023,2025-10-03 23:43:08
RTVP:T:22562644,6824,Thompson Pk+Scotsdle,33.297874,-111.89998,2025-10-03 23:43:24
RTVP:T:22562640,6846,Thompson Pk+Scotsdle,33.334415,-111.928406,2025-10-03 23:43:23
RTVP:T:22562643,6747,Thompson Pk+Scotsdle,33.406807,-111.92629,2025-10-03 23:43:08
RTVP:T:22562639,6837,Thompson Pk+Scotsdle,33.42289,-111.92613,2025-10-03 23:41:15
RTVP:T:22562637,6869,Thompson Pk+Scotsdle,33.447227,-111.92632,2025-10-03 23:43:16
RTVP:T:22562635,2419,Thompson Pk+Scotsdle,33.49775,-111.926094,2025-10-03 23:43:23
RTVP:T:22562634,6820,Thompson Pk+Scotsdle,33.596134,-111.92597,2025-10-03 23:43:18
RTVP:T:22562627,6709,Thompson Pk+Scotsdle,33.669827,-111.92145,2025-10-03 23:42:55
RTVP:T:22803970,5348,Camelback+75th Ave,33.43173,-112.221115,2025-10-03 23:43:22
RTVP:T:22803969,5053,Camelback+75th Ave,33.480072,-112.22112,2025-10-03 23:39:55
RTVP:T:22803965,8133,Camelback+75th Ave,33.509552,-112.22055,2025-10-03 23:43:18
RTVP:T:22803907,5184,Lower Buckeye+75th Av,33.47881,-112.22835,2025-10-03 23:43:09
RTVP:T:22563804,8080,Gila River Srvc Cntr via South Mtn CC,33.373596,-112.23767,2025-10-03 23:43:18
RTVP:T:22563808,8075,Gila River Srvc Cntr,33.378742,-111.86069,2025-10-03 23:43:00
RTVP:T:22563807,8069,Gila River Srvc Cntr,33.378204,-111.97545,2025-10-03 23:43:21
RTVP:T:22563806,8071,Gila River Srvc Cntr,33.37769,-112.140495,2025-10-03 23:43:16
RTVP:T:22562405,6860,West Mesa PNR,33.377438,-112.18602,2025-10-03 23:42:59
RTVP:T:22562400,6701,West Mesa PNR,33.377644,-112.07245,2025-10-03 23:43:14
RTVP:T:22562404,6693,West Mesa PNR via South Mtn CC,33.37824,-111.96756,2025-10-03 23:43:20
RTVP:T:22562403,2405,West Mesa PNR via South Mtn CC,33.381863,-111.8425,2025-10-03 23:43:05
RTVP:T:22785610,5664,59th Ave+Northern,33.578453,-111.88645,2025-10-03 23:43:23
RTVP:T:22785614,5289,59th Ave+Northern,33.553055,-112.05647,2025-10-03 23:43:21
RTVP:T:22785599,5696,59th Ave+Northern,33.55298,-112.18547,2025-10-03 23:43:22
RTVP:T:22785579,5326,Mustang Transit Ctr,33.55307,-112.121666,2025-10-03 23:43:21
RTVP:T:22785578,5690,Mustang Transit Ctr,33.582233,-111.948,2025-10-03 23:43:10
RTVP:T:22563686,6852,ASU Research Park,33.431408,-111.9047,2025-10-03 23:42:55
RTVP:T:22563685,6748,ASU Research Park,33.35889,-111.91123,2025-10-03 23:43:19
RTVP:T:22563683,6691,ASU Research Park,33.339954,-111.89929,2025-10-03 23:43:07
RTVP:T:22562346,6819,Tempe Marketplace,33.386986,-111.909065,2025-10-03 23:43:18
RTVP:T:22562641,6842,Mustang Transit Ctr,33.328636,-111.911064,2025-10-03 23:43:05
RTVP:T:22562642,2407,Mustang Transit Ctr,33.43083,-111.90472,2025-10-03 23:43:12
RTVP:T:22562638,6689,Mustang Transit Ctr,33.52369,-111.9087,2025-10-03 23:43:04
RTVP:T:22562636,2413,Mustang Transit Ctr,33.577816,-111.88589,2025-10-03 23:43:04
RTVP:T:22563073,2404,Chandler Fashion Ctr,33.47287,-111.90891,2025-10-03 23:43:20
RTVP:T:22563072,6679,Chandler Fashion Ctr,33.417255,-111.909164,2025-10-03 23:43:05
RTVP:T:22563075,6872,Chandler Fashion Ctr,33.32023,-111.91116,2025-10-03 23:42:59
RTVP:T:22803976,5626,Van Buren+83rd Ave,33.582485,-112.236916,2025-10-03 23:43:17
RTVP:T:22803972,5344,Van Buren+83rd Ave,33.479534,-112.22917,2025-10-03 23:43:20
RTVP:T:22803236,5020,Arrowhead Ctr,33.457924,-112.238174,2025-10-03 23:43:19
RTVP:T:22803234,5330,Arrowhead Ctr,33.53481,-112.23755,2025-10-03 23:43:20
RTVP:T:22786094,5309,67th Ave+Olive,33.59705,-112.03786,2025-10-03 23:43:12
RTVP:T:22786078,5282,67th Ave+Olive,33.57503,-112.1195,2025-10-03 23:43:05
RTVP:T:22786120,5312,67th Ave+Olive,33.56679,-112.20309,2025-10-03 23:43:04
RTVP:T:22786124,5286,Rose Garden+Cave Crk,33.566734,-112.20313,2025-10-03 23:43:09
RTVP:T:22786105,5682,Rose Garden+Cave Crk,33.567394,-112.111946,2025-10-03 23:43:14
RTVP:T:22786127,5648,Rose Garden+Cave Crk,33.569843,-112.06252,2025-10-03 23:43:21
RTVP:T:22562206,6771,Baseline+Dobson,33.39618,-111.87462,2025-10-03 23:43:04
RTVP:T:22562746,6755,Mesa Riverview,33.384365,-111.874756,2025-10-03 23:43:06
RTVP:T:22562430,6757,Mesa Riverview,33.24395,-111.87712,2025-10-03 23:43:24
RTVP:T:22562429,6890,Mesa Riverview,33.36384,-111.87662,2025-10-03 23:43:07
RTVP:T:22562428,6768,Mesa Riverview,33.415894,-111.87428,2025-10-03 23:43:21
RTVP:T:22562211,6764,Fulton Ranch+Basha,33.43117,-111.869255,2025-10-03 23:39:58
RTVP:T:22562208,6765,Fulton Ranch+Basha,33.300537,-111.87624,2025-10-03 23:43:03
RTVP:T:22562204,6896,Fulton Ranch+Basha,33.239414,-111.85852,2025-10-03 23:43:10
RTVP:T:22563318,6763,Hamilton+Morelos,33.42263,-111.85644,2025-10-03 23:41:16
RTVP:T:22563317,6766,Hamilton+Morelos,33.305454,-111.85928,2025-10-03 23:43:20
RTVP:T:22562890,6790,Mesa Riverview,33.30003,-111.84016,2025-10-03 23:43:07
RTVP:T:22562889,6793,Mesa Riverview,33.338764,-111.85904,2025-10-03 23:43:23
RTVP:T:22786177,5296,105th Av+Santa Fe Dr,33.571316,-112.077934,2025-10-03 23:43:12
RTVP:T:22786195,5678,105th Av+Santa Fe Dr,33.571228,-112.09116,2025-10-03 23:43:07
RTVP:T:22786185,5307,105th Av+Santa Fe Dr,33.581963,-112.12237,2025-10-03 23:43:15
RTVP:T:22786161,5288,105th Av+Santa Fe Dr,33.582397,-112.23807,2025-10-03 23:43:12
RTVP:T:22786156,5324,99th Ave+Peoria,33.579353,-112.27168,2025-10-03 23:43:17
RTVP:T:22786139,5692,Dunlap+3rd St,33.58206,-112.09554,2025-10-03 23:43:22
RTVP:T:22563534,6681,48th St+Chandler,33.363705,-111.75607,2025-10-03 23:43:16
RTVP:T:22563528,6710,48th St+Chandler,33.345387,-111.89735,2025-10-03 23:43:20
RTVP:T:22563522,2410,48th St+Chandler,33.312668,-111.98039,2025-10-03 23:42:58
RTVP:T:22563517,6893,48th St+Chandler,33.30509,-111.97964,2025-10-03 23:43:16
RTVP:T:22562074,6892,Superstition Sprgs,33.349117,-111.91553,2025-10-03 23:43:23
RTVP:T:22562068,6751,Superstition Sprgs,33.350018,-111.78299,2025-10-03 23:43:21
RTVP:T:22562065,2402,Superstition Sprgs via Sunland Village,33.379353,-111.685074,2025-10-03 23:43:19
RTVP:T:22562723,8523,Main St+Centennial,33.36888,-111.841896,2025-10-03 23:43:12
RTVP:T:22562722,6761,McKellips+Center St,33.414745,-111.839935,2025-10-03 23:43:11
RTVP:T:22562720,6773,McKellips+Center St,33.4508,-111.83125,2025-10-03 23:43:03
RTVP:T:22562573,6778,Chandler PNR,33.39387,-111.840096,2025-10-03 23:43:13
RTVP:T:22562572,6806,Chandler PNR,33.3031,-111.84146,2025-10-03 23:43:23
RTVP:T:22562547,6798,Chandler PNR,33.415947,-111.82903,2025-10-03 23:43:18
RTVP:T:22562546,8526,Chandler PNR,33.364437,-111.8419,2025-10-03 23:41:00
RTVP:T:22562544,8527,Chandler PNR,33.2871,-111.841606,2025-10-03 23:43:22
RTVP:T:22563041,6769,Fitch Park,33.43536,-111.82447,2025-10-03 23:43:18
RTVP:T:22562259,6754,Lewis+Coury,33.387783,-111.82294,2025-10-03 23:43:21
RTVP:T:22787163,5672,19th Ave+Dunlap,33.596375,-112.13424,2025-10-03 23:42:56
RTVP:T:22787131,5311,ASU West,33.57471,-112.09965,2025-10-03 23:43:20
RTVP:T:22787129,5635,ASU West,33.610172,-112.164314,2025-10-03 23:43:21
RTVP:T:22562958,6788,McKellips+Stapley,33.433636,-111.8053,2025-10-03 23:43:22
RTVP:T:22563604,6760,Inverness+Stapley,33.433853,-111.8054,2025-10-03 23:43:06
RTVP:T:22563608,6786,Inverness+Stapley,33.38261,-111.80712,2025-10-03 23:42:54
RTVP:T:22562837,6886,McDowell+Gilbert Rd,33.281986,-111.78967,2025-10-03 23:43:21
RTVP:T:22562833,6898,McDowell+Gilbert Rd,33.378506,-111.78836,2025-10-03 23:42:59
RTVP:T:22562832,6799,McDowell+Gilbert Rd,33.467575,-111.7862,2025-10-03 23:43:21
RTVP:T:22562797,6792,Insight+Gilbert Rd,33.408363,-111.788315,2025-10-03 23:43:17
RTVP:T:22562796,6810,Insight+Gilbert Rd,33.305134,-111.78982,2025-10-03 23:43:18
RTVP:T:22786257,5694,105th Av+Santa Fe Dr,33.597,-112.01221,2025-10-03 23:43:14
RTVP:T:22786224,5686,105th Av+Santa Fe Dr,33.610737,-112.1518,2025-10-03 23:43:23
RTVP:T:22786240,5280,105th Av+Santa Fe Dr,33.603874,-112.28624,2025-10-03 23:43:22
RTVP:T:22786219,5636,32nd St+Thunderbird,33.603905,-112.28645,2025-10-03 23:43:03
RTVP:T:22786237,5310,32nd St+Thunderbird,33.61073,-112.16877,2025-10-03 23:43:15
RTVP:T:22786208,5667,32nd St+Thunderbird,33.59666,-112.03758,2025-10-03 23:43:03
RTVP:T:22786255,5302,32nd St+Thunderbird,33.61143,-112.01247,2025-10-03 23:43:06
RTVP:T:22563241,6876,Gilbert Rd+Ray Rd,33.319893,-111.932335,2025-10-03 23:43:18
RTVP:T:22563284,6682,48th St+Ray Rd,33.319923,-111.96433,2025-10-03 23:43:02
RTVP:T:22786295,5298,Scottsdale PNR,33.625103,-112.16779,2025-10-03 23:43:18
RTVP:T:22786274,5654,Scottsdale PNR,33.640106,-112.04815,2025-10-03 23:43:09
RTVP:T:22786314,5300,Scottsdale PNR,33.62275,-111.925644,2025-10-03 23:43:22
RTVP:T:22786294,8142,51st Ave+Greenway,33.626434,-112.01411,2025-10-03 23:43:12
RTVP:T:22786331,5671,51st Ave+Greenway,33.62515,-112.16348,2025-10-03 23:43:22
RTVP:T:22562673,6823,48th St+Chandler,33.30537,-111.91134,2025-10-03 23:43:06
RTVP:T:22562069,7003,McQueen+Chandler,33.30526,-111.95869,2025-10-03 23:43:17
RTVP:T:22562071,6889,McQueen+Chandler,33.306164,-111.83758,2025-10-03 23:43:01
RTVP:T:22562067,2411,McQueen+Chandler,33.306343,-111.82515,2025-10-03 23:43:05
RTVP:T:22562072,6700,ASU Polytechnic,33.305607,-111.89719,2025-10-03 23:43:22
RTVP:T:22562070,6752,ASU Polytechnic,33.30628,-111.78838,2025-10-03 23:43:19
RTVP:T:22562066,6848,ASU Polytechnic,33.307068,-111.69504,2025-10-03 23:43:18
RTVP:T:22562063,8078,ASU Polytechnic,33.308765,-111.68054,2025-10-03 23:41:03
RTVP:T:22562322,8079,48th St+Chandler,33.296173,-111.75557,2025-10-03 23:42:58
RTVP:T:22562319,6859,48th St+Chandler,33.30601,-111.871,2025-10-03 23:42:56
RTVP:T:22562317,6864,48th St+Chandler,33.30527,-111.964775,2025-10-03 23:43:14
RTVP:T:22562315,2406,48th St+Chandler,33.30601,-111.9802,2025-10-03 23:43:21
RTVP:T:22786385,5680,Arrowhead Ctr,33.639217,-111.93017,2025-10-03 23:43:07
RTVP:T:22786456,5695,Arrowhead Ctr,33.640297,-112.06526,2025-10-03 23:43:08
RTVP:T:22786463,5660,Northsight+Raintree,33.639275,-112.15313,2025-10-03 23:43:10
RTVP:T:22786369,5317,Northsight+Raintree,33.6405,-112.00722,2025-10-03 23:43:14
RTVP:T:22786400,5287,Northsight+Raintree,33.640343,-111.94255,2025-10-03 23:43:12
RTVP:T:22562323,6756,Power Rd PNR,33.337254,-111.687195,2025-10-03 23:42:54
RTVP:T:22562320,6877,Power Rd PNR,33.449608,-111.68421,2025-10-03 23:43:19
RTVP:T:22563114,6717,ASU Polytechnic,33.410694,-111.684555,2025-10-03 23:43:18
RTVP:T:22563111,6784,ASU Polytechnic,33.305264,-111.66988,2025-10-03 23:43:03
RTVP:T:22786425,5301,Scottsdale Rd+Mayo,33.65472,-112.09947,2025-10-03 23:43:06
RTVP:T:22786379,5308,Arrowhead Ctr,33.654705,-112.12237,2025-10-03 23:43:22
RTVP:T:22786339,5666,Scottsdale Rd+Mayo,33.655087,-111.931076,2025-10-03 23:43:15
RTVP:T:22786442,5283,51st Ave+Union Hills,33.656097,-111.97741,2025-10-03 23:43:16
RTVP:T:22786424,5651,51st Ave+Union Hills,33.6669,-112.169426,2025-10-03 23:43:15
RTVP:T:22561917,6714,Mustang TC,33.44691,-112.096825,2025-10-03 23:43:11
RTVP:T:22561914,6728,Tempe Library PNR,33.451305,-112.075584,2025-10-03 23:43:09
RTVP:T:22561912,6732,Tempe Library PNR,33.392876,-111.93638,2025-10-03 23:43:13
RTVP:T:22561904,6829,Tempe Sports Complex,33.45842,-112.068985,2025-10-03 23:42:57
RTVP:T:22561905,6718,Tempe Sports Complex,33.334595,-111.96393,2025-10-03 23:43:18
RTVP:T:22561897,6719,Gilbert Rd+Ash St,33.42453,-112.0246,2025-10-03 23:41:05
RTVP:T:22561888,7024,Superstition Spgs,33.447094,-112.08294,2025-10-03 23:43:06
RTVP:T:22561887,7025,Power Rd PNR,33.43676,-111.9571,2025-10-03 23:42:39
RTVP:T:22561877,6723,Chandler PNR,33.44691,-112.096825,2025-10-03 23:43:21
RTVP:T:22561871,6720,Chandler PNR,33.42637,-112.029465,2025-10-03 23:43:10
RTVP:T:22561875,7032,Chandler PNR,33.2871,-111.86778,2025-10-03 23:42:56
RTVP:T:22591958,7014,Goodyear PNR,33.45142,-112.08198,2025-10-03 23:43:18
RTVP:T:22591967,7023,Goodyear PNR,33.460167,-112.34091,2025-10-03 23:43:14
RTVP:T:22591969,7022,Avondale PNR,33.46309,-112.13455,2025-10-03 23:43:09
RTVP:T:22591964,7018,Buckeye PNR,33.446953,-112.09687,2025-10-03 23:43:23
RTVP:T:22591971,7021,Surprise PNR,33.447094,-112.08272,2025-10-03 23:43:11
RTVP:T:22591945,7020,Surprise PNR,33.46305,-112.18794,2025-10-03 23:43:15
RTVP:T:22591948,6880,Glendale PNR,33.44704,-112.09119,2025-10-03 23:41:40
RTVP:T:22591973,6881,Glendale PNR,33.46295,-112.199326,2025-10-03 23:43:03
RTVP:T:22591975,7017,Arrowhead Ctr,33.6446,-112.1151,2025-10-03 23:42:55
RTVP:T:22524979,182,Apache/Dorsey,33.422264,-111.94253,2025-10-03 23:43:30
RTVP:T:22525049,185,Apache/Dorsey,33.4293,-111.932724,2025-10-03 23:43:30
RTVP:T:22525160,131,Downtown Phoenix Hub,33.41517,-111.83043,2025-10-03 23:43:30
RTVP:T:22525322,120,Baseline/Central Ave,33.440327,-112.074425,2025-10-03 23:43:30
RTVP:T:22525327,220,Baseline/Central Ave,33.509445,-112.09861,2025-10-03 23:43:30
RTVP:T:22525098,210,Gilbert Rd/Main St,33.414722,-111.89167,2025-10-03 23:43:30
RTVP:T:22525407,101,Metro Pkwy,33.470833,-112.07361,2025-10-03 23:43:30
RTVP:T:22525325,211,Baseline/Central Ave,33.433334,-112.07361,2025-10-03 23:43:30
RTVP:T:22525406,146,Metro Pkwy,33.511112,-112.099724,2025-10-03 23:43:30
RTVP:T:22525158,124,Downtown Phoenix Hub,33.4148,-111.9067,2025-10-03 23:43:30
RTVP:T:22525097,201,Gilbert Rd/Main St,33.415,-111.83444,2025-10-03 23:43:30
RTVP:T:22525408,147,Metro Pkwy,33.449867,-112.07418,2025-10-03 23:43:30
RTVP:T:22525159,114,Downtown Phoenix Hub,33.44823,-111.98822,2025-10-03 23:43:30
RTVP:T:22525328,137,Baseline/Central Ave,33.542778,-112.09944,2025-10-03 23:43:30
RTVP:T:22525161,148,Downtown Phoenix Hub,33.448055,-112.05444,2025-10-03 23:43:30
RTVP:T:22525101,115,Gilbert Rd/Main St,33.447277,-112.04298,2025-10-03 23:43:30
RTVP:T:22525099,203,Gilbert Rd/Main St,33.427223,-111.941666,2025-10-03 23:43:30
RTVP:T:22525326,127,Baseline/Central Ave,33.496387,-112.07361,2025-10-03 23:43:30
RTVP:T:22525162,204,Downtown Phoenix Hub,33.4275,-111.939445,2025-10-03 23:43:30
RTVP:T:22525100,139,Gilbert Rd/Main St,33.44639,-111.97139,2025-10-03 23:43:30
RTVP:T:22525409,118,Metro Pkwy,33.419582,-112.07338,2025-10-03 23:43:30
